Description,Region,Consensus_sequence
|nonstructural protein 1 [Respiratory syncytial virus],"11,430",AAACCAAAAAAATGGGGCAAATAAGAATTTGATAAGTACCACTTAAATTTAACTCCTTTGGTTTGAGATGGGCAGCAACTCATTGAGTATGATAAAAGTTAGATTGCAAAATCTGTTTGACAATGATGAAGTAGCATTGTTAAAAATAACATGTTATACTGACAAATTAATACAGTTAACTAATGCTTTGGCTAAGGCAGTTATACATACAATCAAATTGAATGGCATTGTATTTGTGCATGTTATTACAAGTAGTGATATTTGCCCTAATAATAATATTGTAGTGAAATCCAATTTCACAACAATGCCAGTATTACAAAATGGAGGTTATATATGGGAAATGATGGAATTAACACACTGCTCTCAACCTAATGGCCTAATAGATGACAATTGTGAAATTAAATTCTCCAAAAAACTAAG
|nonstructural protein 2 [Respiratory syncytial virus],"538,912",CCATTAGTTAATATAAAACTTGACAGAAGATAAAAATGGGGCAAATAAATCAATTCAGCCGACCCAACCATGGACACAACACACAATGATACCACACCACAAAGACTGATGATCACAGACATGAGACCATTATCGCTTGAAACTATAATAACATCTCTAACCAGAGACATCATAACACATAAATTTATATACTTGATAAATCATGAATGCATAGTGAGAAAACTTGATGAAAGACAGGCCACATTTACATTTCTGGTCAACTATGAAATGAAACTATTGCACAAAGTGGGAAGCACTAAATATAAAAAATATACTGAATACAACACAAAATATGGCACTTTCCCTATGCCAATATTTATCAATCATGATGGGTTC
|nucleoprotein [Respiratory syncytial virus],"1050,2225",GGAGCCTGAAAATTATAGTTATTTAAAATTAAGGAGAGACATAAGATGAAAGATGGGGCAAATACAAAAATGGCTCTTAGCAAAGTCAAGTTGAATGATACACTCAACAAAGATCAACTTCTATCATCCAGCAAATATACCATCCAACGGAGCACAGGAGACAGCATTGACACTCCTAATTATGATGTGCAGAAACACATTAATAAGTTATGTGGCATGTTATTAATCACAGAAGATGCTAATCACAAATTCACTGGGTTAATAGGTATGTTATATGCTATGTCTAGATTAGGAAGAGAAGACACCATAAAAATACTCAAAGATGCGGGATATCATGTTAAGGCAAATGGAGTGGATGTAACAACACATCGTCAAGACATTAATGGGAAAGAAATGAAATTTGAAGTGTTAACATTAGCAAGCTTAACAACTGAAATTCAAATCAACATTGAGATAGAATCTAGAAAATCCTACAAAAAAATGCTAAAAGAAATGGGAGAGGTGGCTCCAGAATACAGGCATGACTCTCCTGATTGTGGGATGATAATATTATGTATAGCAGCATTAGTAATAACCAAATTAGCAGCAGGAGATAGATCAGGTCTTACAGCTGTGATTAGGAGAGCTAACAATGTTCTAAAAAATGAAATGAAACGTTATAAAGGTTTATTACCCAAGGATATAGCCAACAGCTTCTATGAAGTGTTTGAAAAATATCCTCACTTTATAGATGTTTTTGTTCATTTTGGTATAGCACAATCTTCTACCAGAGGTGGCAGTAGAGTTGAAGGGATTTTCGCAGGATTGTTTATGAATGCCTATGGTGCAGGGCAAGTGATGTTACGGTGGGGGGTCTTAGCAAAATCAGTTAAAAACATTATGTTAGGACACGCTAGTGTACAAGCAGAAATGGAACAAGTTGTGGAGGTGTATGAGTATGCTCAGAAATTGGGTGGAGAAGCAGGATTCTACCATATATTGAACAACCCAAAGGCATCACTATTATCTTTGACTCAATTTCCTCACTTCTCTAGTGTAGTATTGGGCAATGCTGCTGGCCTAGGCATAATGGGAGAATACAGAGGTACACCAAGGAATCAAGATTTATATGATGCTGCAAAAGCATATGCTGAACAACTCAAAGAAAATGGTGTGATTAACTACAGTGTATTAGAT
|phosphoprotein [Respiratory syncytial virus],"2258,2983",TCAGCTTAATCCAAAAGATAATGATGTAGAGCTTTGAGTTAATAAAAAGGTGGGGCAAATAAATCATCATGGAAAAGTTTGCTCCTGAATTCCATGGAGAAGATGCAAACAACAGAGCCACCAAATTCCTAGAATCAATAAAGGGCAAATTCACATCACCCAAAGATCCCAAGAAAAAAGATAGTATCATATCTGTCAACTCAATAGATATAGAAGTAACCAAAGAAAGCCCTATAACATCAAACTCAACCACTATAAACCCAATAAATGAGACAGATGATACTGTAGGGAACAAGCCCAATTATCAAAGAAAGCCTCTAGTAAGTTTCAAAGAAGACCCTACGCCAAGTGATAATCCTTTTTCAAAACTATACAAAGAAACCATAGAAACATTTGATAACAATGAAGAAGAGTCTAGCTATTCATATGAAGAAATAAATGATCAGACAAACGATAATATAACAGCAAGATTAGATAGGATTGATGAGAAATTAAGTGAAATACTAGGAATGCTTCACACATTAGTAGTAGCGAGTGCAGGACCCACATCTGCTCGGGATGGTATAAGAGATGCCATGGTTGGTTTAAGAGAAGAAATGATAGAAAAAATCAGAACTGAAGCATTAATGACCAATGACAGACTAGAAGCTATGGCAAGACTCAGGAATGAAGAAAGTGAAAAGATGGCAAAAGACACATCAGATGAAGTGTCTCTCAATCCAACAT
|matrix protein [Respiratory syncytial virus],"3173,3943",ATCTAAAACTAGCCACCCGGAAAAAATCGATACCATAGTTACAAAAAAAGATGGGGCAAATATGGAAACATACGTGAATAAACTTCACGAAGGCTCCACATACACAGCTGCTGTTCAATACAATGTCCTAGAAAAAGACGATGATCCTGCATCACTTACAATATGGGTGCCCATGTTCCAATCATCCATGCCAGCAGATCTACTCATAAAAGAACTAGCCAATGTCAATATACTAGTGAAACAAATATCCACACCCAAGGGACCCTCATTAAGAGTCATGATAAACTCAAGAAGTGCAGTGCTAGCACAAATGCCCAGCAAATTTACCATATGTGCCAATGTGTCCTTGGATGAAAGAAGCAAGCTGGCATATGATGTAACCACACCCTGTGAAATTAAGGCATGCAGTCTAACATGCCTAAAATCAAAAAATATGTTAACTACAGTTAAAGATCTCACTATGAAAACACTCAACCCAACACATGACATCATTGCTTTATGTGAATTTGAAAATATAGTAACATCAAAAAAAGTCATAATACCAACATACCTAAGATCTATCAGCGTCAGAAATAAAGATCTGAACACACTCGAAAATATAACAACCACTGAATTCAAAAATGCCATTACAAATGCAAAAATCATCCCTTACTCAGGACTACTGTTAGTCATCACAGTGACTGACAACAAAGGAGCATTCAAATACATAAAGCCACAAAGTCAATTCATAGTAGATCTTGGAGCTTACCTAGAAAAAGAAAGTATATATTA
|small hydrophobic protein [Respiratory syncytial virus],"4212,4409",AATCCAACTAATCACAACATCTGTCAACATAGACAAGTCAACACGCTAGATAAAATCAACCAATGGAAAATACATCCATAACTATAGAATTCTCAAGCAAATTCTGGCCTTACTTTACACTAATACACATGATAACAACAATAATCTCTTTGATAATCATAATCTCCATCATGATTGCAATACTAAACAAACTCTGCG
|attachment glycoprotein [Respiratory syncytial virus],"4598,5530",AAATAGTCATAACAATAAACTAGGATATTAAGACCAAAAACAACGCTGGGGCAAATGCAAACATGTCCAAAACCAAGGACCAACGCACCGCCAAGACACTAGAAAGGACCTGGGACACTCTCAATCATCTATTATTCATATCATCGTGCTTATACAAGTTAAATCTTAAATCTATAGCACAAATCACATTATCTATTTTGGCAATGATAATCTCAACCTCACTTATAATTGCAGCCATCATATTCATAGCCTCGGCAAATCACAAAGTCACACTAACTACTGCAATCATACAAGATGCAACGAACCAGATCAAGAACACAACCCCAACATACCTCACCCAGAATCCCCAGCTTGGAATCAGCTTCTCCAATCTGTCCGGAACTACATCACAATCCACCACTATACTAGCTTCAACAACACCAAGTGCCAAGTCAACCCCACAATCCACAACAGTCAAGATCAAAAACACACCAACAACCCAAATATTACCTAGCAAACCCACCACAAAACAACGCCAAAATAAACCACAAAACAAACCCAACAATGATTTTCACTTTGAAGTGTTCAATTTTGTACCCTGCAGCATATGCAGCAACAATCCAACCTGTTGGGCCATCTGCAAGAGAATACCAAACAAAAAACCTGGAAAGAAAACCACCACTAAGCCCACAAAAAAACCAACCCTCAAGACAACCAAAAAAGATCCCAAACCTCAAACCACAAAACCAAAGGAAGTACTCACCACCAAGCCCACAGGGAAGCCAACCATCAACACCACCAAAACAAACATCAGAACTACACTGCTCACCTCCAACACCAAAGGAAATCCAGAACACACAAGTCAAGAGGAAACCCTCCAATCAACCACCTCCGAAGGCTATCCGAGCCCATCACAAGTCTATACAACATTTGGTCAAGAGGAAACCCTCCACT
|fusion glycoprotein [Respiratory syncytial virus],"5628,7352",GTCATTAAAAAGCGTATTGTTGCAAAAAGCCATGACCAAATCAAACAGAATCAAAATCAACTCTGGGGCAAATAACAATGGAGTTGCCAATCCTCAAAACAAATGCTATTACCACAATCCTTGCTGCAGCCACACTCTGTTTTGCTTCCAGTCAAAACATCACTGAAGAGTTTTATCAATCAACATGCAGTGCAGTTAGCAAAGGCTATCTTAGTGCTCTAAGAACTGGTTGGTATACTAGTGTTATAACTATAGAATTAAGTAATATCAAGGAAAATAAGTGTAATGGTACAGACGCTAAGGTAAAATTAATAAAACAAGAATTAGATAAATATAAAAATGCTGTAACAGAATTGCAGTTGCTCATGCAAAGCACACCAGCAGCCAACAGTCGAGCCAGAAGAGAACTACCAAGATTTATGAATTATACACTCAACAATACCAAAAACACCAATGTAACATTAAGTAAGAAAAGAAAAAGAAGATTTCTTGGATTTTTGTTAGGTGTTGGATCTGCAATCGCCAGTGGCATTGCCGTATCCAAGGTCCTGCACCTAGAAGGGGAAGTGAACAAAATCAAAAGTGCTCTACTATCCACAAACAAGGCTGTAGTCAGCTTATCTAATGGAGTCAGTGTCTTAACCAGCAAGGTGTTAGACCTCAAAAACTATATAGATAAACAGTTGTTACCTATTGTTAACAAGCAAAGCTGTAGCATATCAAACATTGAAACTGTGATAGAGTTCCAACAAAAGAACAACAGACTACTAGAGATTACCAGAGAATTTAGTGTTAATGCAGGTGTAACTACACCTGTAAGCACTTATATGTTAACTAATAGTGAGTTATTATCATTAATCAATGATATGCCTATAACAAATGATCAGAAAAAGTTAATGTCCAGCAATGTTCAAATAGTTAGACAGCAAAGTTACTCTATCATGTCAATAATAAAAGAGGAAGTCTTAGCATATGTAGTACAATTACCACTATATGGTGTAATAGATACTCCTTGTTGGAAACTACACACATCCCCTCTATGTACAACCAACACAAAGGAAGGATCCAACATCTGCTTAACAAGAACCGACAGAGGATGGTACTGTGACAATGCAGGGTCAGTATCCTTTTTCCCACAAGCTGAAACATGTAAAGTTCAATCGAATCGGGTGTTTTGTGACACAATGAACAGTTTAACATTACCAAGTGAGGTGAATCTCTGCAACATTGACATATTCAACCCCAAATATGATTGCAAAATTATGACTTCAAAAACAGATGTAAGCAGCTCCGTTATCACATCTCTAGGAGCCATTGTGTCATGCTATGGCAAAACCAAATGTACAGCATCCAATAAAAATCGTGGGATCATAAAGACATTCTCTAACGGGTGTGATTATGTATCAAATAAGGGGGTAGATACTGTGTCTGTAGGTAATACATTATATTATGTAAATAAGCAAGAAGGCAAAAGTCTCTATGTAAAAGGTGAACCAATAATAAATTTCTATGATCCATTAGTGTTCCCCTCTGATGAATTTGATGCATCAATATCTCAAGTCAATGAGAAAATTAATCAGAGTCTAGCATTTATCCGTAAATCAGATGAATTATTACATAATGTAAATGCTGGTAAATCCACCACAAATATCATGATAACTACTATAATTATAGTAATTATAGTAATATTGTTAGCATTAATTGCAGTTGGACTGCTTCTATACT
|M2-1 protein [Respiratory syncytial virus],"7579,8166",TTATAGTTATATAAAACAATTGAATACCAAATTAACTTACTATTTGTAAAAATGAGAACTGGGGCAAATATGTCACGAAGGAATCCTTGCAAATTCGAAATTCGAGGTCATTGCTTGAATGGTAAAAGGTGTCATTTTAGTCATAATTATTTTGAATGGCCACCCCATGCACTGCTTGTAAGACAAAACTTTATGTTAAACAGAATACTTAAGTCTATGGATAAAAGCATAGATACTTTGTCAGAAATAAGTGGAGCTGCAGAGTTGGACAGAACAGAAGAGTATGCCCTCGGTGTAGTTGGAGTGCTAGAGAGTTATATAGGATCAATAAATAATATAACTAAACAATCAGCATGTGTTGCCATGAGCAAACTCCTTACCGAACTCAACAGCGATGACATCAAAAAACTAAGGGACAATGAAGAGCCAAACTCACCCAAAGTAAGAGTGTACAATACTGTTATATCATATATTGAAAGCAACAGGAAGAACAATAAACAAACTATCCATCTGTTAAAAAGATTGCCAGCAGACGTATTGAAGAAAACCATCAAAAACACATTGGATATCCACAAGAGCATAACCATC
|M2-2 protein [Respiratory syncytial virus],"8132,8404",AAAACACATTGGATATCCACAAGAGCATAACCATCAATAACCCAAAAGAATCAACTGTTAGTGATACGAACGACCATGCCAAAAATAATGATACTACCTGAAAAATATCCTTGTAGTATAAATTCCATACTAATAACAAGTAATTGTAGAGTCACTATGTATAATCAAAAAAACACACTATATATCAATCAAAACAACCAAAATAACCATATATACCCACCGGATCAACCATTCAATGAAATCCATTGGACCTCTCAAGACTTGATTGATGCA
|RNA-dependent RNA polymerase [Respiratory syncytial virus],"8470,14970",ATAATATTCAATCCTAATACTTACCACATCATCAAATTATTAATTCAAACAATTCAAGCTATGGGACAAAATGGATCCCATTATTAGTGGAAATTCTGCTAATGTTTATCTAACTGATAGTTATTTAAAAGGTGTTATTTCTTTCTCAGAATGTAACGCTTTAGGAAGTTACATATTCAATGGTCCTTATCTCAAAAATGATTATACCAACTTAATTAGTAGACAAAATCCATTAATAGAACACATAAATCTAAAGAAACTAAATATAACACAGTCCTTAATATCTAAGTATCATAAAGGTGAAATAAAAATAGAAGAACCTACTTACTTTCAGTCATTACTTATGACATACAAAAGTATGACCTCGTCAGAACAGACTACTACTACTAATTTACTTAAAAAGATAATAAGAAGAGCTATAGAAATCAGTGATGTCAAAGTCTATGCTATATTGAATAAACTGGGGCTCAAAGAAAAAGACAAGATTAAATCCAATAATGGACAAGATGAAGACAACTCAGTCATTACTACCATAATCAAAGATGATATACTTTTAGCTGTCAAGGATAATCAATCTCATCTTAAAGCAGACAAAAATCAATCCACAAAACAAAAAGATACAATCAAAACAACACTTTTGAAGAAATTAATGTGTTCAATGCAACATCCTCCATCATGGTTAATACATTGGTTTAATTTATACACAAAATTAAACAGCATATTAACACAATATCGATCTAGTGAGGTAAAAAACCATGGTTTTATATTGATAGATAATCATACTCTTAGTGGATTCCAATTTATTTTGAATCAATATGGTTGTATAGTTTATCATAAGGAACTCAAAAGAATTACTGTGACAACTTATAATCAATTCTTGACATGGAAAGATATTAGCCTTAGTAGATTAAATGTTTGCTTGATTACATGGATTAGTAACTGTTTGAACACATTAAACAAAAGCTTAGGCTTAAGATGTGGATTCAATAATGTTATCTTGACACAATTATTCCTTTATGGAGATTGTATACTAAAACTATTCCACAATGAGGGGTTCTACATAATAAAAGAGGTAGAGGGATTTATTATGTCTCTAATTTTAAATATAACAGAAGAAGATCAATTCAGAAAACGGTTTTATAACAGTATGCTCAACAACATCACAGATGCCGCCAACAAAGCTCAAAAAAATCTGTTATCAAGAGTATGTCATACGTTATTAGATAAGACAATATCAGATAATATAATAAATGGCAGATGGATAATTCTATTGAGTAAGTTTCTAAAATTAATTAAGCTTGCAGGTGACAATAACCTCAACAATCTGAGTGAATTATATTTTTTGTTCAGAATATTTGGACACCCAATGGTAGATGAAAGACAAGCCATGGATGCTGTTAAAGTTAATTGCAACGAGACCAAATTTTACTTGTTAAGTAGTTTGAGTATGTTAAGAGGAGCTTTTATATATAGAATTATAAAAGGGTTTGTAAATAATTACAACAGATGGCCTACTTTAAGAAATGCCATTGTCTTACCCTTAAGATGGTTAACTTACTATAAACTAAACACTTATCCTTCCTTGTTGGAACTTACAGAAAGAGATTTGATTGTTCTATCAGGACTACGTTTCTATCGAGAGTTTCGGTTGCCTAAAAAAGTGGATCTTGAAATGATCATAAATGATAAGGCTATATCACCTCCAAAAAATTTAATATGGACTAGTTTCCCTAGAAATTATATGCCGTCACACATACAAAATTATATAGAACATGAAAAATTAAAATTCTCTGATAGTGATAAATCAAGAAGAGTATTAGAGTATTATTTAAGAGATAACAAATTCAATGAATGTGATTTACACAACTGTGTAGTTAATCAAAGTTATCTTAATAACCCAAATCATGTGGTATCATTGACAGGCAAAGAAAGAGAACTCAGTGTAGGTAGAATGTTTGCAATGCAACCAGGAATGTTCAGACAAGTTCAAATATTAGCAGAGAAAATGATAGCAGAAAACATATTACAATTTTTCCCTGAAAGTCTTACAAGATATGGTGATCTAGAACTACAGAAAATATTAGAATTGAAAGCAGGAATAAGTAACAAATCAAATCGTTACAATGATAATTACAACAATTACATTAGTAAGTGCTCTATCATCACAGATCTCAGCAAATTCAATCAAGCATTTCGATATGAAACATCATGTATTTGTAGTGATGTACTGGATGAACTGCATGGTGTACAATCTCTATTTTCCTGGTTACATTTAACTATTCCTCATGTCACAATAATATGCACATATAGGCATGCACCCCCCTATATAAAGGATCATATTGTAGATCTTAACAATGTAGATGAGCAAAGTGGACTATATAGATATCATATGGGTGGTATCGAAGGGTGGTGTCAAAAACTATGGACCATAGAAGCTATATCACTATTAGATCTAATATCTCTCAAAGGGAAATTCTCAATTACTGCTTTAATTAATGGTGACAATCAATCAATAGATATAAGTAAACCAGTCAGACTCATGGAAGGTCAAACTCATGCTCAAGCAGATTATTTGCTAGCATTAAATAGTCTCAAATTACTGTATAAAGAGTATGCAGGAATAGGCCACAAATTAAAAGGAACTGAGACTTATATATCGAGAGATATGCAATTTATGAGTAAAACAATCCAACATAACGGTGTATATTACCCAGCTAGTATTAAGAAAGTCCTAAGAGTAGGACCGTGGATAAACACTATACTTGATGACTTCAAAGTGAGTCTAGAATCTATAGGTAGTTTGACACAAGAATTAGAATATAGAGGTGAAAGTCTATTATGCAGTTTAATATTTAGAAATGTATGGTTATATAATCAAATTGCATTACAACTTAAAAATCATGCATTATGTAACAACAAATTATATTTGGATATATTAAAAGTTCTAAAACACTTAAAAACCTTTTTTAATCTTGATAACATTGATACAGCATTAACATTGTATATGAATTTGCCCATGTTATTTGGCGGTGGTGATCCCAACTTGTTATATCGAAGTTTCTATAGAAGAACTCCTGATTTCCTCACAGAGGCTATAGTTCACTCTGTGTTCATACTTAGTTATTATACAAACCATGATTTAAAGGATAAACTTCAAGATCTGTCAGATGATAGATTGAATAAGTTCTTAACATGCATAATCACGTTTGACAAAAACCCCAATGCTGAATTCGTTACATTGATGAGAGATCCTCAAGCTTTAGGATCTGAGAGGCAAGCTAAAATTACTAGCGAAATCAATAGACTGGCAGTTACCGAGGTTTTGAGCACAGCTCCAAACAAAATATTTTCCAAAAGTGCACAACACTATACCACTACAGAGATAGATCTTAATGATATTATGCAAAATATAGAACCTACATATCCTCACGGGCTAAGAGTTGTTTATGAAAGTTTACCCTTTTATAAAGCAGAGAAAATAGTAAATCTTATATCCGGTACAAAATCTATAACTAACATACTGGAAAAAACTTCTGCCATAGACTTAACAGATATTGATAGAGCCACTGAGATGATGAGGAAAAACATAACTTTGCTTATAAGGATATTACCATTAGATTGTAACAGAGATAAAAGAGAAATATTGAGTATGGAAAACCTAAGTATTACTGAATTAAGCAAATACGTTAGAGAAAGATCTTGGTCTTTATCCAATATAGTTGGTGTTACATCACCCAGTATAATGTATACAATGGACATAAAATATACAACAAGCACTATAGCTAGTGGCATAATCATAGAGAAATATAATGTCAACAGTTTAACACGTGGTGAGAGAGGACCCACTAAACCATGGGTTGGTTCATCTACACAAGAGAAAAAGACAATGCCAGTTTATAATAGACAAGTTTTAACCAAAAAACAGAGAGATCAAATAGATCTATTAGCAAAATTGGATTGGGTGTATGCATCTATAGATAACAAGGATGAATTTATGGAGGAACTTAGCATAGGAACTCTTGGGTTAACATATGAGAAGGCCAAAAAATTATTCCCACAATATTTAAGTGTTAACTATTTGCATCGTCTTACAGTCAGTAGTAGACCATGTGAATTCCCTGCATCTATACCAGCTTATAGAACTACAAATTATCATTTTGATACTAGCCCTATTAATCGCATATTAACAGAAAAGTATGGTGATGAAGATATTGATATAGTATTCCAAAACTGTATAAGCTTTGGCCTTAGCTTAATGTCTGTAGTAGAACAATTTACTAATGTATGTCCTAACAGAATTATTCTCATACCCAAGCTTAATGAGATACATTTGATGAAACCTCCCATATTCACAGGTGATGTTGATATTCACAAGTTAAAACAAGTGATACAAAAACAACATATGTTTTTACCAGACAAAATAAGTTTGACTCAATATGTGGAATTATTCTTAAGTAATAAAACACTCAAATCTGGATCTAATGTTAATTCTAATTTAATATTGGCACATAAGATATCTGACTATTTTCATAATACTTACATTTTAAGTACTAATTTAGCTGGACATTGGATTCTTATTATACAACTTATGAAAGATTCTAAGGGTATTTTTGAAAAAGATTGGGGAGAGGGATATATAACTGATCATATGTTCATTAATTTGAAAGTTTTCTTCAATGCTTATAAGACATATCTCTTGTGTTTTCATAAAGGGTACGGCAGAGCAAAGCTGGAGTGTGATATGAATACTTCAGATCTCCTATGTGTATTGGAATTAATAGACAGTAGTTATTGGAAGTCTATGTCTAAGGTGTTTTTAGAACAAAAAGTTATCAAATACATTCTTAGCCAGGATGCAAGTTTATATAGAGTAAAAGGATGTCATAGCTTCAAACTATGGTTTCTTAAACGTCTTAATGTAGCAGAATTCACGGTTTGCCCTTGGGTTGTTAACATAGATTATCATCCAACACATATGAAAGCAATATTAACTTATATTGATCTTGTTAGAATGGGATTGATAAATATAGATAGAATATACATTAAAAATAAACACAAGTTCAATGATGAGTTTTATACTTCTAATCTGTTTTACATTAATTATAACTTCTCAGATAATACTCATCTATTAACTAAACATATAAGGATTGCTAATTCCGAATTAGAAAGTAATTACAACAAATTATATCATCCCACACCAGAAACCCTAGAAAGTATACTAACCAATCCGGTTAAAAGTGATGGAAAAAAGACACTGAGTGACTATTGTATAGGTAAAAATGTTGACTCAATAATGTTACCATCGTTATCTAATAAGAAGCTTATTAAATCGTCTACAATGATTAGAACCAATTACAGCAGACAAGATTTGTATAATTTATTTCCTACGGTTGTGATTGATAAAATTATAGATCATTCAGGTAATACAGCCAAATCTAACCAACTTTACACTACTACTTCTCATCAAATATCTTTAGTGCACAATAGCACATCACTTTATTGCATGCTTCCTTGGCATCATATTAATAGATTCAATTTTGTATTTAGTTCTACAGGTTGTAAAATTAGTATAGAGTATATTTTAAAAGATCTTAAAATTAAGGATCCTAATTGTATAGCATTCATAGGTGAAGGAGCAGGGAATTTATTATTGCGTACAGTAGTGGAACTTCATCCTGATATAAGATATATTTACAGAAGTCTGAAAGATTGCAATGATCATAGTTTACCAATTGAGTTTTTAAGGCTGTACAATGGACATATCAACATTGATTATGGTGAAAATTTGACCATTCCTGCTACAGATGCAACCAACAACATTCATTGGTCTTATTTACATATAAAGTTTGCTGAACCTATCAGTCTTTTTGTCTGTGATGCTGAATTGCCTGTAACAGTCAACTGGAGTAAGATTATAATAGAATGGAGCAAGCATGTAAGAAAATGCAAGTACTGTTCTTCAGTTAATAAATGTACATTAATAGTAAAATATCATGCTCAAGATGATATCGATTTCAAATTAGACAACATAACTATATTAAAAACTTATGTATGCTTAGGCAGTAAGTTAAAGGGATCTGAAGTTTACTTAGTCCTTACAATAGGTCCTGCAAACGTGTTCCCAGTATTTAATGTAGTACAAAATGCTAAATTGATACTATCAAGAACCAAAAATTTCATCATGCCTAAAAAAGCTGATAAAGAGTCTATTGATGCAAATATTAAGAGTTTGATACCCTTTCTTTGTTACCCTATAACAAAAAAAGGAATTAATACTGCATTGTCTAAATTAAAGAGTGTTGTAAGTGGAGACATACTATCATATTCTATAGCTGGACGTAATGAAGTTTTCAGCAATAAACTTATAAATCATAAGCATATGAACATCTTAAAGTGGTTCAATCATGTTTTAAATTTCAGATCAACAGAATTAAACTATAATCATTTATATATGGTAGAATCTACTTATCCTCATCTAAGTGAATTGTTAAACAGCTTGAC
