Locus,Peptide,Peptide_label
18,KPKKWGK*,A18G_1_C
18,KPEKWGK*,A18G_1_V
18,PKKWGK*E,A18G_2_C
18,PEKWGK*E,A18G_2_V
18,KKWGK*EF,A18G_3_C
18,EKWGK*EF,A18G_3_V
18,KPKKWGK*E,A18G_5_C
18,KPEKWGK*E,A18G_5_V
18,PKKWGK*EF,A18G_6_C
18,PEKWGK*EF,A18G_6_V
18,KKWGK*EFD,A18G_7_C
18,EKWGK*EFD,A18G_7_V
18,KPKKWGK*EF,A18G_9_C
18,KPEKWGK*EF,A18G_9_V
18,PKKWGK*EFD,A18G_10_C
18,PEKWGK*EFD,A18G_10_V
18,KKWGK*EFDK,A18G_11_C
18,EKWGK*EFDK,A18G_11_V
18,KPKKWGK*EFD,A18G_13_C
18,KPEKWGK*EFD,A18G_13_V
18,PKKWGK*EFDK,A18G_14_C
18,PEKWGK*EFDK,A18G_14_V
18,KKWGK*EFDKY,A18G_15_C
18,EKWGK*EFDKY,A18G_15_V
576,LDRR*KWG,G576A_1_C
576,LDRR*K*G,G576A_1_V
576,DRR*KWGK,G576A_2_C
576,DRR*K*GK,G576A_2_V
576,RR*KWGK*,G576A_3_C
576,RR*K*GK*,G576A_3_V
576,R*KWGK*I,G576A_4_C
576,R*K*GK*I,G576A_4_V
576,*KWGK*IN,G576A_5_C
576,*K*GK*IN,G576A_5_V
576,KWGK*INS,G576A_6_C
576,K*GK*INS,G576A_6_V
576,WGK*INSA,G576A_7_C
576,*GK*INSA,G576A_7_V
576,KLDRR*KWG,G576A_9_C
576,KLDRR*K*G,G576A_9_V
576,LDRR*KWGK,G576A_10_C
576,LDRR*K*GK,G576A_10_V
576,DRR*KWGK*,G576A_11_C
576,DRR*K*GK*,G576A_11_V
576,RR*KWGK*I,G576A_12_C
576,RR*K*GK*I,G576A_12_V
576,R*KWGK*IN,G576A_13_C
576,R*K*GK*IN,G576A_13_V
576,*KWGK*INS,G576A_14_C
576,*K*GK*INS,G576A_14_V
576,KWGK*INSA,G576A_15_C
576,K*GK*INSA,G576A_15_V
576,WGK*INSAD,G576A_16_C
576,*GK*INSAD,G576A_16_V
576,IKLDRR*KWG,G576A_18_C
576,IKLDRR*K*G,G576A_18_V
576,KLDRR*KWGK,G576A_19_C
576,KLDRR*K*GK,G576A_19_V
576,LDRR*KWGK*,G576A_20_C
576,LDRR*K*GK*,G576A_20_V
576,DRR*KWGK*I,G576A_21_C
576,DRR*K*GK*I,G576A_21_V
576,RR*KWGK*IN,G576A_22_C
576,RR*K*GK*IN,G576A_22_V
576,R*KWGK*INS,G576A_23_C
576,R*K*GK*INS,G576A_23_V
576,*KWGK*INSA,G576A_24_C
576,*K*GK*INSA,G576A_24_V
576,KWGK*INSAD,G576A_25_C
576,K*GK*INSAD,G576A_25_V
576,WGK*INSADP,G576A_26_C
576,*GK*INSADP,G576A_26_V
576,NIKLDRR*KWG,G576A_28_C
576,NIKLDRR*K*G,G576A_28_V
576,IKLDRR*KWGK,G576A_29_C
576,IKLDRR*K*GK,G576A_29_V
576,KLDRR*KWGK*,G576A_30_C
576,KLDRR*K*GK*,G576A_30_V
576,LDRR*KWGK*I,G576A_31_C
576,LDRR*K*GK*I,G576A_31_V
576,DRR*KWGK*IN,G576A_32_C
576,DRR*K*GK*IN,G576A_32_V
576,RR*KWGK*INS,G576A_33_C
576,RR*K*GK*INS,G576A_33_V
576,R*KWGK*INSA,G576A_34_C
576,R*K*GK*INSA,G576A_34_V
576,*KWGK*INSAD,G576A_35_C
576,*K*GK*INSAD,G576A_35_V
576,KWGK*INSADP,G576A_36_C
576,K*GK*INSADP,G576A_36_V
576,WGK*INSADPT,G576A_37_C
576,*GK*INSADPT,G576A_37_V
1579,EYRHDSPD,C1579A_1_C
1579,EYRHDSTD,C1579A_1_V
1579,YRHDSPDC,C1579A_2_C
1579,YRHDSTDC,C1579A_2_V
1579,RHDSPDCG,C1579A_3_C
1579,RHDSTDCG,C1579A_3_V
1579,HDSPDCGM,C1579A_4_C
1579,HDSTDCGM,C1579A_4_V
1579,DSPDCGMI,C1579A_5_C
1579,DSTDCGMI,C1579A_5_V
1579,SPDCGMII,C1579A_6_C
1579,STDCGMII,C1579A_6_V
1579,PDCGMIIL,C1579A_7_C
1579,TDCGMIIL,C1579A_7_V
1579,PEYRHDSPD,C1579A_9_C
1579,PEYRHDSTD,C1579A_9_V
1579,EYRHDSPDC,C1579A_10_C
1579,EYRHDSTDC,C1579A_10_V
1579,YRHDSPDCG,C1579A_11_C
1579,YRHDSTDCG,C1579A_11_V
1579,RHDSPDCGM,C1579A_12_C
1579,RHDSTDCGM,C1579A_12_V
1579,HDSPDCGMI,C1579A_13_C
1579,HDSTDCGMI,C1579A_13_V
1579,DSPDCGMII,C1579A_14_C
1579,DSTDCGMII,C1579A_14_V
1579,SPDCGMIIL,C1579A_15_C
1579,STDCGMIIL,C1579A_15_V
1579,PDCGMIILC,C1579A_16_C
1579,TDCGMIILC,C1579A_16_V
1579,APEYRHDSPD,C1579A_18_C
1579,APEYRHDSTD,C1579A_18_V
1579,PEYRHDSPDC,C1579A_19_C
1579,PEYRHDSTDC,C1579A_19_V
1579,EYRHDSPDCG,C1579A_20_C
1579,EYRHDSTDCG,C1579A_20_V
1579,YRHDSPDCGM,C1579A_21_C
1579,YRHDSTDCGM,C1579A_21_V
1579,RHDSPDCGMI,C1579A_22_C
1579,RHDSTDCGMI,C1579A_22_V
1579,HDSPDCGMII,C1579A_23_C
1579,HDSTDCGMII,C1579A_23_V
1579,DSPDCGMIIL,C1579A_24_C
1579,DSTDCGMIIL,C1579A_24_V
1579,SPDCGMIILC,C1579A_25_C
1579,STDCGMIILC,C1579A_25_V
1579,PDCGMIILCI,C1579A_26_C
1579,TDCGMIILCI,C1579A_26_V
1579,VAPEYRHDSPD,C1579A_28_C
1579,VAPEYRHDSTD,C1579A_28_V
1579,APEYRHDSPDC,C1579A_29_C
1579,APEYRHDSTDC,C1579A_29_V
1579,PEYRHDSPDCG,C1579A_30_C
1579,PEYRHDSTDCG,C1579A_30_V
1579,EYRHDSPDCGM,C1579A_31_C
1579,EYRHDSTDCGM,C1579A_31_V
1579,YRHDSPDCGMI,C1579A_32_C
1579,YRHDSTDCGMI,C1579A_32_V
1579,RHDSPDCGMII,C1579A_33_C
1579,RHDSTDCGMII,C1579A_33_V
1579,HDSPDCGMIIL,C1579A_34_C
1579,HDSTDCGMIIL,C1579A_34_V
1579,DSPDCGMIILC,C1579A_35_C
1579,DSTDCGMIILC,C1579A_35_V
1579,SPDCGMIILCI,C1579A_36_C
1579,STDCGMIILCI,C1579A_36_V
1579,PDCGMIILCIA,C1579A_37_C
1579,TDCGMIILCIA,C1579A_37_V
3651,YENTQPNT,A3651G_1_C
3651,YENTQPDT,A3651G_1_V
3651,ENTQPNT*,A3651G_2_C
3651,ENTQPDT*,A3651G_2_V
3651,NTQPNT*H,A3651G_3_C
3651,NTQPDT*H,A3651G_3_V
3651,TQPNT*HH,A3651G_4_C
3651,TQPDT*HH,A3651G_4_V
3651,QPNT*HHC,A3651G_5_C
3651,QPDT*HHC,A3651G_5_V
3651,PNT*HHCF,A3651G_6_C
3651,PDT*HHCF,A3651G_6_V
3651,NT*HHCFM,A3651G_7_C
3651,DT*HHCFM,A3651G_7_V
3651,HYENTQPNT,A3651G_9_C
3651,HYENTQPDT,A3651G_9_V
3651,YENTQPNT*,A3651G_10_C
3651,YENTQPDT*,A3651G_10_V
3651,ENTQPNT*H,A3651G_11_C
3651,ENTQPDT*H,A3651G_11_V
3651,NTQPNT*HH,A3651G_12_C
3651,NTQPDT*HH,A3651G_12_V
3651,TQPNT*HHC,A3651G_13_C
3651,TQPDT*HHC,A3651G_13_V
3651,QPNT*HHCF,A3651G_14_C
3651,QPDT*HHCF,A3651G_14_V
3651,PNT*HHCFM,A3651G_15_C
3651,PDT*HHCFM,A3651G_15_V
3651,NT*HHCFM*,A3651G_16_C
3651,DT*HHCFM*,A3651G_16_V
3651,SHYENTQPNT,A3651G_18_C
3651,SHYENTQPDT,A3651G_18_V
3651,HYENTQPNT*,A3651G_19_C
3651,HYENTQPDT*,A3651G_19_V
3651,YENTQPNT*H,A3651G_20_C
3651,YENTQPDT*H,A3651G_20_V
3651,ENTQPNT*HH,A3651G_21_C
3651,ENTQPDT*HH,A3651G_21_V
3651,NTQPNT*HHC,A3651G_22_C
3651,NTQPDT*HHC,A3651G_22_V
3651,TQPNT*HHCF,A3651G_23_C
3651,TQPDT*HHCF,A3651G_23_V
3651,QPNT*HHCFM,A3651G_24_C
3651,QPDT*HHCFM,A3651G_24_V
3651,PNT*HHCFM*,A3651G_25_C
3651,PDT*HHCFM*,A3651G_25_V
3651,NT*HHCFM*I,A3651G_26_C
3651,DT*HHCFM*I,A3651G_26_V
3651,RSHYENTQPNT,A3651G_28_C
3651,RSHYENTQPDT,A3651G_28_V
3651,SHYENTQPNT*,A3651G_29_C
3651,SHYENTQPDT*,A3651G_29_V
3651,HYENTQPNT*H,A3651G_30_C
3651,HYENTQPDT*H,A3651G_30_V
3651,YENTQPNT*HH,A3651G_31_C
3651,YENTQPDT*HH,A3651G_31_V
3651,ENTQPNT*HHC,A3651G_32_C
3651,ENTQPDT*HHC,A3651G_32_V
3651,NTQPNT*HHCF,A3651G_33_C
3651,NTQPDT*HHCF,A3651G_33_V
3651,TQPNT*HHCFM,A3651G_34_C
3651,TQPDT*HHCFM,A3651G_34_V
3651,QPNT*HHCFM*,A3651G_35_C
3651,QPDT*HHCFM*,A3651G_35_V
3651,PNT*HHCFM*I,A3651G_36_C
3651,PDT*HHCFM*I,A3651G_36_V
3651,NT*HHCFM*I*,A3651G_37_C
3651,DT*HHCFM*I*,A3651G_37_V
4794,HKSHYLFW,T4794C_1_C
4794,HKSHYLLW,T4794C_1_V
4794,KSHYLFWQ,T4794C_2_C
4794,KSHYLLWQ,T4794C_2_V
4794,SHYLFWQ*,T4794C_3_C
4794,SHYLLWQ*,T4794C_3_V
4794,HYLFWQ**,T4794C_4_C
4794,HYLLWQ**,T4794C_4_V
4794,YLFWQ**S,T4794C_5_C
4794,YLLWQ**S,T4794C_5_V
4794,LFWQ**SQ,T4794C_6_C
4794,LLWQ**SQ,T4794C_6_V
4794,FWQ**SQP,T4794C_7_C
4794,LWQ**SQP,T4794C_7_V
4794,*HKSHYLFW,T4794C_9_C
4794,*HKSHYLLW,T4794C_9_V
4794,HKSHYLFWQ,T4794C_10_C
4794,HKSHYLLWQ,T4794C_10_V
4794,KSHYLFWQ*,T4794C_11_C
4794,KSHYLLWQ*,T4794C_11_V
4794,SHYLFWQ**,T4794C_12_C
4794,SHYLLWQ**,T4794C_12_V
4794,HYLFWQ**S,T4794C_13_C
4794,HYLLWQ**S,T4794C_13_V
4794,YLFWQ**SQ,T4794C_14_C
4794,YLLWQ**SQ,T4794C_14_V
4794,LFWQ**SQP,T4794C_15_C
4794,LLWQ**SQP,T4794C_15_V
4794,FWQ**SQPH,T4794C_16_C
4794,LWQ**SQPH,T4794C_16_V
4794,L*HKSHYLFW,T4794C_18_C
4794,L*HKSHYLLW,T4794C_18_V
4794,*HKSHYLFWQ,T4794C_19_C
4794,*HKSHYLLWQ,T4794C_19_V
4794,HKSHYLFWQ*,T4794C_20_C
4794,HKSHYLLWQ*,T4794C_20_V
4794,KSHYLFWQ**,T4794C_21_C
4794,KSHYLLWQ**,T4794C_21_V
4794,SHYLFWQ**S,T4794C_22_C
4794,SHYLLWQ**S,T4794C_22_V
4794,HYLFWQ**SQ,T4794C_23_C
4794,HYLLWQ**SQ,T4794C_23_V
4794,YLFWQ**SQP,T4794C_24_C
4794,YLLWQ**SQP,T4794C_24_V
4794,LFWQ**SQPH,T4794C_25_C
4794,LLWQ**SQPH,T4794C_25_V
4794,FWQ**SQPHL,T4794C_26_C
4794,LWQ**SQPHL,T4794C_26_V
4794,NL*HKSHYLFW,T4794C_28_C
4794,NL*HKSHYLLW,T4794C_28_V
4794,L*HKSHYLFWQ,T4794C_29_C
4794,L*HKSHYLLWQ,T4794C_29_V
4794,*HKSHYLFWQ*,T4794C_30_C
4794,*HKSHYLLWQ*,T4794C_30_V
4794,HKSHYLFWQ**,T4794C_31_C
4794,HKSHYLLWQ**,T4794C_31_V
4794,KSHYLFWQ**S,T4794C_32_C
4794,KSHYLLWQ**S,T4794C_32_V
4794,SHYLFWQ**SQ,T4794C_33_C
4794,SHYLLWQ**SQ,T4794C_33_V
4794,HYLFWQ**SQP,T4794C_34_C
4794,HYLLWQ**SQP,T4794C_34_V
4794,YLFWQ**SQPH,T4794C_35_C
4794,YLLWQ**SQPH,T4794C_35_V
4794,LFWQ**SQPHL,T4794C_36_C
4794,LLWQ**SQPHL,T4794C_36_V
4794,FWQ**SQPHL*,T4794C_37_C
4794,LWQ**SQPHL*,T4794C_37_V
4795,HKSHYLFW,T4795C_1_C
4795,HKSHYLSW,T4795C_1_V
4795,KSHYLFWQ,T4795C_2_C
4795,KSHYLSWQ,T4795C_2_V
4795,SHYLFWQ*,T4795C_3_C
4795,SHYLSWQ*,T4795C_3_V
4795,HYLFWQ**,T4795C_4_C
4795,HYLSWQ**,T4795C_4_V
4795,YLFWQ**S,T4795C_5_C
4795,YLSWQ**S,T4795C_5_V
4795,LFWQ**SQ,T4795C_6_C
4795,LSWQ**SQ,T4795C_6_V
4795,FWQ**SQP,T4795C_7_C
4795,SWQ**SQP,T4795C_7_V
4795,*HKSHYLFW,T4795C_9_C
4795,*HKSHYLSW,T4795C_9_V
4795,HKSHYLFWQ,T4795C_10_C
4795,HKSHYLSWQ,T4795C_10_V
4795,KSHYLFWQ*,T4795C_11_C
4795,KSHYLSWQ*,T4795C_11_V
4795,SHYLFWQ**,T4795C_12_C
4795,SHYLSWQ**,T4795C_12_V
4795,HYLFWQ**S,T4795C_13_C
4795,HYLSWQ**S,T4795C_13_V
4795,YLFWQ**SQ,T4795C_14_C
4795,YLSWQ**SQ,T4795C_14_V
4795,LFWQ**SQP,T4795C_15_C
4795,LSWQ**SQP,T4795C_15_V
4795,FWQ**SQPH,T4795C_16_C
4795,SWQ**SQPH,T4795C_16_V
4795,L*HKSHYLFW,T4795C_18_C
4795,L*HKSHYLSW,T4795C_18_V
4795,*HKSHYLFWQ,T4795C_19_C
4795,*HKSHYLSWQ,T4795C_19_V
4795,HKSHYLFWQ*,T4795C_20_C
4795,HKSHYLSWQ*,T4795C_20_V
4795,KSHYLFWQ**,T4795C_21_C
4795,KSHYLSWQ**,T4795C_21_V
4795,SHYLFWQ**S,T4795C_22_C
4795,SHYLSWQ**S,T4795C_22_V
4795,HYLFWQ**SQ,T4795C_23_C
4795,HYLSWQ**SQ,T4795C_23_V
4795,YLFWQ**SQP,T4795C_24_C
4795,YLSWQ**SQP,T4795C_24_V
4795,LFWQ**SQPH,T4795C_25_C
4795,LSWQ**SQPH,T4795C_25_V
4795,FWQ**SQPHL,T4795C_26_C
4795,SWQ**SQPHL,T4795C_26_V
4795,NL*HKSHYLFW,T4795C_28_C
4795,NL*HKSHYLSW,T4795C_28_V
4795,L*HKSHYLFWQ,T4795C_29_C
4795,L*HKSHYLSWQ,T4795C_29_V
4795,*HKSHYLFWQ*,T4795C_30_C
4795,*HKSHYLSWQ*,T4795C_30_V
4795,HKSHYLFWQ**,T4795C_31_C
4795,HKSHYLSWQ**,T4795C_31_V
4795,KSHYLFWQ**S,T4795C_32_C
4795,KSHYLSWQ**S,T4795C_32_V
4795,SHYLFWQ**SQ,T4795C_33_C
4795,SHYLSWQ**SQ,T4795C_33_V
4795,HYLFWQ**SQP,T4795C_34_C
4795,HYLSWQ**SQP,T4795C_34_V
4795,YLFWQ**SQPH,T4795C_35_C
4795,YLSWQ**SQPH,T4795C_35_V
4795,LFWQ**SQPHL,T4795C_36_C
4795,LSWQ**SQPHL,T4795C_36_V
4795,FWQ**SQPHL*,T4795C_37_C
4795,SWQ**SQPHL*,T4795C_37_V
5077,SKTHQQPK,C5077T_1_C
5077,SKTHQQLK,C5077T_1_V
5077,KTHQQPKY,C5077T_2_C
5077,KTHQQLKY,C5077T_2_V
5077,THQQPKYY,C5077T_3_C
5077,THQQLKYY,C5077T_3_V
5077,HQQPKYYL,C5077T_4_C
5077,HQQLKYYL,C5077T_4_V
5077,QQPKYYLA,C5077T_5_C
5077,QQLKYYLA,C5077T_5_V
5077,QPKYYLAN,C5077T_6_C
5077,QLKYYLAN,C5077T_6_V
5077,PKYYLANP,C5077T_7_C
5077,LKYYLANP,C5077T_7_V
5077,RSKTHQQPK,C5077T_9_C
5077,RSKTHQQLK,C5077T_9_V
5077,SKTHQQPKY,C5077T_10_C
5077,SKTHQQLKY,C5077T_10_V
5077,KTHQQPKYY,C5077T_11_C
5077,KTHQQLKYY,C5077T_11_V
5077,THQQPKYYL,C5077T_12_C
5077,THQQLKYYL,C5077T_12_V
5077,HQQPKYYLA,C5077T_13_C
5077,HQQLKYYLA,C5077T_13_V
5077,QQPKYYLAN,C5077T_14_C
5077,QQLKYYLAN,C5077T_14_V
5077,QPKYYLANP,C5077T_15_C
5077,QLKYYLANP,C5077T_15_V
5077,PKYYLANPP,C5077T_16_C
5077,LKYYLANPP,C5077T_16_V
5077,SRSKTHQQPK,C5077T_18_C
5077,SRSKTHQQLK,C5077T_18_V
5077,RSKTHQQPKY,C5077T_19_C
5077,RSKTHQQLKY,C5077T_19_V
5077,SKTHQQPKYY,C5077T_20_C
5077,SKTHQQLKYY,C5077T_20_V
5077,KTHQQPKYYL,C5077T_21_C
5077,KTHQQLKYYL,C5077T_21_V
5077,THQQPKYYLA,C5077T_22_C
5077,THQQLKYYLA,C5077T_22_V
5077,HQQPKYYLAN,C5077T_23_C
5077,HQQLKYYLAN,C5077T_23_V
5077,QQPKYYLANP,C5077T_24_C
5077,QQLKYYLANP,C5077T_24_V
5077,QPKYYLANPP,C5077T_25_C
5077,QLKYYLANPP,C5077T_25_V
5077,PKYYLANPPQ,C5077T_26_C
5077,LKYYLANPPQ,C5077T_26_V
5077,QSRSKTHQQPK,C5077T_28_C
5077,QSRSKTHQQLK,C5077T_28_V
5077,SRSKTHQQPKY,C5077T_29_C
5077,SRSKTHQQLKY,C5077T_29_V
5077,RSKTHQQPKYY,C5077T_30_C
5077,RSKTHQQLKYY,C5077T_30_V
5077,SKTHQQPKYYL,C5077T_31_C
5077,SKTHQQLKYYL,C5077T_31_V
5077,KTHQQPKYYLA,C5077T_32_C
5077,KTHQQLKYYLA,C5077T_32_V
5077,THQQPKYYLAN,C5077T_33_C
5077,THQQLKYYLAN,C5077T_33_V
5077,HQQPKYYLANP,C5077T_34_C
5077,HQQLKYYLANP,C5077T_34_V
5077,QQPKYYLANPP,C5077T_35_C
5077,QQLKYYLANPP,C5077T_35_V
5077,QPKYYLANPPQ,C5077T_36_C
5077,QLKYYLANPPQ,C5077T_36_V
5077,PKYYLANPPQN,C5077T_37_C
5077,LKYYLANPPQN,C5077T_37_V
5094,PKYYLANP,A5094C_1_C
5094,PKYYLAHP,A5094C_1_V
5094,KYYLANPP,A5094C_2_C
5094,KYYLAHPP,A5094C_2_V
5094,YYLANPPQ,A5094C_3_C
5094,YYLAHPPQ,A5094C_3_V
5094,YLANPPQN,A5094C_4_C
5094,YLAHPPQN,A5094C_4_V
5094,LANPPQNN,A5094C_5_C
5094,LAHPPQNN,A5094C_5_V
5094,ANPPQNNA,A5094C_6_C
5094,AHPPQNNA,A5094C_6_V
5094,NPPQNNAK,A5094C_7_C
5094,HPPQNNAK,A5094C_7_V
5094,QPKYYLANP,A5094C_9_C
5094,QPKYYLAHP,A5094C_9_V
5094,PKYYLANPP,A5094C_10_C
5094,PKYYLAHPP,A5094C_10_V
5094,KYYLANPPQ,A5094C_11_C
5094,KYYLAHPPQ,A5094C_11_V
5094,YYLANPPQN,A5094C_12_C
5094,YYLAHPPQN,A5094C_12_V
5094,YLANPPQNN,A5094C_13_C
5094,YLAHPPQNN,A5094C_13_V
5094,LANPPQNNA,A5094C_14_C
5094,LAHPPQNNA,A5094C_14_V
5094,ANPPQNNAK,A5094C_15_C
5094,AHPPQNNAK,A5094C_15_V
5094,NPPQNNAKI,A5094C_16_C
5094,HPPQNNAKI,A5094C_16_V
5094,QQPKYYLANP,A5094C_18_C
5094,QQPKYYLAHP,A5094C_18_V
5094,QPKYYLANPP,A5094C_19_C
5094,QPKYYLAHPP,A5094C_19_V
5094,PKYYLANPPQ,A5094C_20_C
5094,PKYYLAHPPQ,A5094C_20_V
5094,KYYLANPPQN,A5094C_21_C
5094,KYYLAHPPQN,A5094C_21_V
5094,YYLANPPQNN,A5094C_22_C
5094,YYLAHPPQNN,A5094C_22_V
5094,YLANPPQNNA,A5094C_23_C
5094,YLAHPPQNNA,A5094C_23_V
5094,LANPPQNNAK,A5094C_24_C
5094,LAHPPQNNAK,A5094C_24_V
5094,ANPPQNNAKI,A5094C_25_C
5094,AHPPQNNAKI,A5094C_25_V
5094,NPPQNNAKIN,A5094C_26_C
5094,HPPQNNAKIN,A5094C_26_V
5094,HQQPKYYLANP,A5094C_28_C
5094,HQQPKYYLAHP,A5094C_28_V
5094,QQPKYYLANPP,A5094C_29_C
5094,QQPKYYLAHPP,A5094C_29_V
5094,QPKYYLANPPQ,A5094C_30_C
5094,QPKYYLAHPPQ,A5094C_30_V
5094,PKYYLANPPQN,A5094C_31_C
5094,PKYYLAHPPQN,A5094C_31_V
5094,KYYLANPPQNN,A5094C_32_C
5094,KYYLAHPPQNN,A5094C_32_V
5094,YYLANPPQNNA,A5094C_33_C
5094,YYLAHPPQNNA,A5094C_33_V
5094,YLANPPQNNAK,A5094C_34_C
5094,YLAHPPQNNAK,A5094C_34_V
5094,LANPPQNNAKI,A5094C_35_C
5094,LAHPPQNNAKI,A5094C_35_V
5094,ANPPQNNAKIN,A5094C_36_C
5094,AHPPQNNAKIN,A5094C_36_V
5094,NPPQNNAKINH,A5094C_37_C
5094,HPPQNNAKINH,A5094C_37_V
5121,QNNAKINH,A5121C_1_C
5121,QNNAKIHH,A5121C_1_V
5121,NNAKINHK,A5121C_2_C
5121,NNAKIHHK,A5121C_2_V
5121,NAKINHKT,A5121C_3_C
5121,NAKIHHKT,A5121C_3_V
5121,AKINHKTN,A5121C_4_C
5121,AKIHHKTN,A5121C_4_V
5121,KINHKTNP,A5121C_5_C
5121,KIHHKTNP,A5121C_5_V
5121,INHKTNPT,A5121C_6_C
5121,IHHKTNPT,A5121C_6_V
5121,NHKTNPTM,A5121C_7_C
5121,HHKTNPTM,A5121C_7_V
5121,PQNNAKINH,A5121C_9_C
5121,PQNNAKIHH,A5121C_9_V
5121,QNNAKINHK,A5121C_10_C
5121,QNNAKIHHK,A5121C_10_V
5121,NNAKINHKT,A5121C_11_C
5121,NNAKIHHKT,A5121C_11_V
5121,NAKINHKTN,A5121C_12_C
5121,NAKIHHKTN,A5121C_12_V
5121,AKINHKTNP,A5121C_13_C
5121,AKIHHKTNP,A5121C_13_V
5121,KINHKTNPT,A5121C_14_C
5121,KIHHKTNPT,A5121C_14_V
5121,INHKTNPTM,A5121C_15_C
5121,IHHKTNPTM,A5121C_15_V
5121,NHKTNPTMI,A5121C_16_C
5121,HHKTNPTMI,A5121C_16_V
5121,PPQNNAKINH,A5121C_18_C
5121,PPQNNAKIHH,A5121C_18_V
5121,PQNNAKINHK,A5121C_19_C
5121,PQNNAKIHHK,A5121C_19_V
5121,QNNAKINHKT,A5121C_20_C
5121,QNNAKIHHKT,A5121C_20_V
5121,NNAKINHKTN,A5121C_21_C
5121,NNAKIHHKTN,A5121C_21_V
5121,NAKINHKTNP,A5121C_22_C
5121,NAKIHHKTNP,A5121C_22_V
5121,AKINHKTNPT,A5121C_23_C
5121,AKIHHKTNPT,A5121C_23_V
5121,KINHKTNPTM,A5121C_24_C
5121,KIHHKTNPTM,A5121C_24_V
5121,INHKTNPTMI,A5121C_25_C
5121,IHHKTNPTMI,A5121C_25_V
5121,NHKTNPTMIF,A5121C_26_C
5121,HHKTNPTMIF,A5121C_26_V
5121,NPPQNNAKINH,A5121C_28_C
5121,NPPQNNAKIHH,A5121C_28_V
5121,PPQNNAKINHK,A5121C_29_C
5121,PPQNNAKIHHK,A5121C_29_V
5121,PQNNAKINHKT,A5121C_30_C
5121,PQNNAKIHHKT,A5121C_30_V
5121,QNNAKINHKTN,A5121C_31_C
5121,QNNAKIHHKTN,A5121C_31_V
5121,NNAKINHKTNP,A5121C_32_C
5121,NNAKIHHKTNP,A5121C_32_V
5121,NAKINHKTNPT,A5121C_33_C
5121,NAKIHHKTNPT,A5121C_33_V
5121,AKINHKTNPTM,A5121C_34_C
5121,AKIHHKTNPTM,A5121C_34_V
5121,KINHKTNPTMI,A5121C_35_C
5121,KIHHKTNPTMI,A5121C_35_V
5121,INHKTNPTMIF,A5121C_36_C
5121,IHHKTNPTMIF,A5121C_36_V
5121,NHKTNPTMIFT,A5121C_37_C
5121,HHKTNPTMIFT,A5121C_37_V
5146,KTNPTMIF,T5146A_1_C
5146,KTNPTMNF,T5146A_1_V
5146,TNPTMIFT,T5146A_2_C
5146,TNPTMNFT,T5146A_2_V
5146,NPTMIFTL,T5146A_3_C
5146,NPTMNFTL,T5146A_3_V
5146,PTMIFTLK,T5146A_4_C
5146,PTMNFTLK,T5146A_4_V
5146,TMIFTLKC,T5146A_5_C
5146,TMNFTLKC,T5146A_5_V
5146,MIFTLKCS,T5146A_6_C
5146,MNFTLKCS,T5146A_6_V
5146,IFTLKCSI,T5146A_7_C
5146,NFTLKCSI,T5146A_7_V
5146,HKTNPTMIF,T5146A_9_C
5146,HKTNPTMNF,T5146A_9_V
5146,KTNPTMIFT,T5146A_10_C
5146,KTNPTMNFT,T5146A_10_V
5146,TNPTMIFTL,T5146A_11_C
5146,TNPTMNFTL,T5146A_11_V
5146,NPTMIFTLK,T5146A_12_C
5146,NPTMNFTLK,T5146A_12_V
5146,PTMIFTLKC,T5146A_13_C
5146,PTMNFTLKC,T5146A_13_V
5146,TMIFTLKCS,T5146A_14_C
5146,TMNFTLKCS,T5146A_14_V
5146,MIFTLKCSI,T5146A_15_C
5146,MNFTLKCSI,T5146A_15_V
5146,IFTLKCSIL,T5146A_16_C
5146,NFTLKCSIL,T5146A_16_V
5146,NHKTNPTMIF,T5146A_18_C
5146,NHKTNPTMNF,T5146A_18_V
5146,HKTNPTMIFT,T5146A_19_C
5146,HKTNPTMNFT,T5146A_19_V
5146,KTNPTMIFTL,T5146A_20_C
5146,KTNPTMNFTL,T5146A_20_V
5146,TNPTMIFTLK,T5146A_21_C
5146,TNPTMNFTLK,T5146A_21_V
5146,NPTMIFTLKC,T5146A_22_C
5146,NPTMNFTLKC,T5146A_22_V
5146,PTMIFTLKCS,T5146A_23_C
5146,PTMNFTLKCS,T5146A_23_V
5146,TMIFTLKCSI,T5146A_24_C
5146,TMNFTLKCSI,T5146A_24_V
5146,MIFTLKCSIL,T5146A_25_C
5146,MNFTLKCSIL,T5146A_25_V
5146,IFTLKCSILY,T5146A_26_C
5146,NFTLKCSILY,T5146A_26_V
5146,INHKTNPTMIF,T5146A_28_C
5146,INHKTNPTMNF,T5146A_28_V
5146,NHKTNPTMIFT,T5146A_29_C
5146,NHKTNPTMNFT,T5146A_29_V
5146,HKTNPTMIFTL,T5146A_30_C
5146,HKTNPTMNFTL,T5146A_30_V
5146,KTNPTMIFTLK,T5146A_31_C
5146,KTNPTMNFTLK,T5146A_31_V
5146,TNPTMIFTLKC,T5146A_32_C
5146,TNPTMNFTLKC,T5146A_32_V
5146,NPTMIFTLKCS,T5146A_33_C
5146,NPTMNFTLKCS,T5146A_33_V
5146,PTMIFTLKCSI,T5146A_34_C
5146,PTMNFTLKCSI,T5146A_34_V
5146,TMIFTLKCSIL,T5146A_35_C
5146,TMNFTLKCSIL,T5146A_35_V
5146,MIFTLKCSILY,T5146A_36_C
5146,MNFTLKCSILY,T5146A_36_V
5146,IFTLKCSILYP,T5146A_37_C
5146,NFTLKCSILYP,T5146A_37_V
5162,MIFTLKCS,T5162A_1_C
5162,MIFTLK*S,T5162A_1_V
5162,IFTLKCSI,T5162A_2_C
5162,IFTLK*SI,T5162A_2_V
5162,FTLKCSIL,T5162A_3_C
5162,FTLK*SIL,T5162A_3_V
5162,TLKCSILY,T5162A_4_C
5162,TLK*SILY,T5162A_4_V
5162,LKCSILYP,T5162A_5_C
5162,LK*SILYP,T5162A_5_V
5162,KCSILYPA,T5162A_6_C
5162,K*SILYPA,T5162A_6_V
5162,CSILYPAA,T5162A_7_C
5162,*SILYPAA,T5162A_7_V
5162,TMIFTLKCS,T5162A_9_C
5162,TMIFTLK*S,T5162A_9_V
5162,MIFTLKCSI,T5162A_10_C
5162,MIFTLK*SI,T5162A_10_V
5162,IFTLKCSIL,T5162A_11_C
5162,IFTLK*SIL,T5162A_11_V
5162,FTLKCSILY,T5162A_12_C
5162,FTLK*SILY,T5162A_12_V
5162,TLKCSILYP,T5162A_13_C
5162,TLK*SILYP,T5162A_13_V
5162,LKCSILYPA,T5162A_14_C
5162,LK*SILYPA,T5162A_14_V
5162,KCSILYPAA,T5162A_15_C
5162,K*SILYPAA,T5162A_15_V
5162,CSILYPAAY,T5162A_16_C
5162,*SILYPAAY,T5162A_16_V
5162,PTMIFTLKCS,T5162A_18_C
5162,PTMIFTLK*S,T5162A_18_V
5162,TMIFTLKCSI,T5162A_19_C
5162,TMIFTLK*SI,T5162A_19_V
5162,MIFTLKCSIL,T5162A_20_C
5162,MIFTLK*SIL,T5162A_20_V
5162,IFTLKCSILY,T5162A_21_C
5162,IFTLK*SILY,T5162A_21_V
5162,FTLKCSILYP,T5162A_22_C
5162,FTLK*SILYP,T5162A_22_V
5162,TLKCSILYPA,T5162A_23_C
5162,TLK*SILYPA,T5162A_23_V
5162,LKCSILYPAA,T5162A_24_C
5162,LK*SILYPAA,T5162A_24_V
5162,KCSILYPAAY,T5162A_25_C
5162,K*SILYPAAY,T5162A_25_V
5162,CSILYPAAYA,T5162A_26_C
5162,*SILYPAAYA,T5162A_26_V
5162,NPTMIFTLKCS,T5162A_28_C
5162,NPTMIFTLK*S,T5162A_28_V
5162,PTMIFTLKCSI,T5162A_29_C
5162,PTMIFTLK*SI,T5162A_29_V
5162,TMIFTLKCSIL,T5162A_30_C
5162,TMIFTLK*SIL,T5162A_30_V
5162,MIFTLKCSILY,T5162A_31_C
5162,MIFTLK*SILY,T5162A_31_V
5162,IFTLKCSILYP,T5162A_32_C
5162,IFTLK*SILYP,T5162A_32_V
5162,FTLKCSILYPA,T5162A_33_C
5162,FTLK*SILYPA,T5162A_33_V
5162,TLKCSILYPAA,T5162A_34_C
5162,TLK*SILYPAA,T5162A_34_V
5162,LKCSILYPAAY,T5162A_35_C
5162,LK*SILYPAAY,T5162A_35_V
5162,KCSILYPAAYA,T5162A_36_C
5162,K*SILYPAAYA,T5162A_36_V
5162,CSILYPAAYAA,T5162A_37_C
5162,*SILYPAAYAA,T5162A_37_V
5206,AATIQPVG,T5206C_1_C
5206,AATIQPAG,T5206C_1_V
5206,ATIQPVGP,T5206C_2_C
5206,ATIQPAGP,T5206C_2_V
5206,TIQPVGPS,T5206C_3_C
5206,TIQPAGPS,T5206C_3_V
5206,IQPVGPSA,T5206C_4_C
5206,IQPAGPSA,T5206C_4_V
5206,QPVGPSAR,T5206C_5_C
5206,QPAGPSAR,T5206C_5_V
5206,PVGPSARE,T5206C_6_C
5206,PAGPSARE,T5206C_6_V
5206,VGPSAREY,T5206C_7_C
5206,AGPSAREY,T5206C_7_V
5206,YAATIQPVG,T5206C_9_C
5206,YAATIQPAG,T5206C_9_V
5206,AATIQPVGP,T5206C_10_C
5206,AATIQPAGP,T5206C_10_V
5206,ATIQPVGPS,T5206C_11_C
5206,ATIQPAGPS,T5206C_11_V
5206,TIQPVGPSA,T5206C_12_C
5206,TIQPAGPSA,T5206C_12_V
5206,IQPVGPSAR,T5206C_13_C
5206,IQPAGPSAR,T5206C_13_V
5206,QPVGPSARE,T5206C_14_C
5206,QPAGPSARE,T5206C_14_V
5206,PVGPSAREY,T5206C_15_C
5206,PAGPSAREY,T5206C_15_V
5206,VGPSAREYQ,T5206C_16_C
5206,AGPSAREYQ,T5206C_16_V
5206,AYAATIQPVG,T5206C_18_C
5206,AYAATIQPAG,T5206C_18_V
5206,YAATIQPVGP,T5206C_19_C
5206,YAATIQPAGP,T5206C_19_V
5206,AATIQPVGPS,T5206C_20_C
5206,AATIQPAGPS,T5206C_20_V
5206,ATIQPVGPSA,T5206C_21_C
5206,ATIQPAGPSA,T5206C_21_V
5206,TIQPVGPSAR,T5206C_22_C
5206,TIQPAGPSAR,T5206C_22_V
5206,IQPVGPSARE,T5206C_23_C
5206,IQPAGPSARE,T5206C_23_V
5206,QPVGPSAREY,T5206C_24_C
5206,QPAGPSAREY,T5206C_24_V
5206,PVGPSAREYQ,T5206C_25_C
5206,PAGPSAREYQ,T5206C_25_V
5206,VGPSAREYQT,T5206C_26_C
5206,AGPSAREYQT,T5206C_26_V
5206,AAYAATIQPVG,T5206C_28_C
5206,AAYAATIQPAG,T5206C_28_V
5206,AYAATIQPVGP,T5206C_29_C
5206,AYAATIQPAGP,T5206C_29_V
5206,YAATIQPVGPS,T5206C_30_C
5206,YAATIQPAGPS,T5206C_30_V
5206,AATIQPVGPSA,T5206C_31_C
5206,AATIQPAGPSA,T5206C_31_V
5206,ATIQPVGPSAR,T5206C_32_C
5206,ATIQPAGPSAR,T5206C_32_V
5206,TIQPVGPSARE,T5206C_33_C
5206,TIQPAGPSARE,T5206C_33_V
5206,IQPVGPSAREY,T5206C_34_C
5206,IQPAGPSAREY,T5206C_34_V
5206,QPVGPSAREYQ,T5206C_35_C
5206,QPAGPSAREYQ,T5206C_35_V
5206,PVGPSAREYQT,T5206C_36_C
5206,PAGPSAREYQT,T5206C_36_V
5206,VGPSAREYQTK,T5206C_37_C
5206,AGPSAREYQTK,T5206C_37_V
5209,ATIQPVGP,G5209A_1_C
5209,ATIQPVEP,G5209A_1_V
5209,TIQPVGPS,G5209A_2_C
5209,TIQPVEPS,G5209A_2_V
5209,IQPVGPSA,G5209A_3_C
5209,IQPVEPSA,G5209A_3_V
5209,QPVGPSAR,G5209A_4_C
5209,QPVEPSAR,G5209A_4_V
5209,PVGPSARE,G5209A_5_C
5209,PVEPSARE,G5209A_5_V
5209,VGPSAREY,G5209A_6_C
5209,VEPSAREY,G5209A_6_V
5209,GPSAREYQ,G5209A_7_C
5209,EPSAREYQ,G5209A_7_V
5209,AATIQPVGP,G5209A_9_C
5209,AATIQPVEP,G5209A_9_V
5209,ATIQPVGPS,G5209A_10_C
5209,ATIQPVEPS,G5209A_10_V
5209,TIQPVGPSA,G5209A_11_C
5209,TIQPVEPSA,G5209A_11_V
5209,IQPVGPSAR,G5209A_12_C
5209,IQPVEPSAR,G5209A_12_V
5209,QPVGPSARE,G5209A_13_C
5209,QPVEPSARE,G5209A_13_V
5209,PVGPSAREY,G5209A_14_C
5209,PVEPSAREY,G5209A_14_V
5209,VGPSAREYQ,G5209A_15_C
5209,VEPSAREYQ,G5209A_15_V
5209,GPSAREYQT,G5209A_16_C
5209,EPSAREYQT,G5209A_16_V
5209,YAATIQPVGP,G5209A_18_C
5209,YAATIQPVEP,G5209A_18_V
5209,AATIQPVGPS,G5209A_19_C
5209,AATIQPVEPS,G5209A_19_V
5209,ATIQPVGPSA,G5209A_20_C
5209,ATIQPVEPSA,G5209A_20_V
5209,TIQPVGPSAR,G5209A_21_C
5209,TIQPVEPSAR,G5209A_21_V
5209,IQPVGPSARE,G5209A_22_C
5209,IQPVEPSARE,G5209A_22_V
5209,QPVGPSAREY,G5209A_23_C
5209,QPVEPSAREY,G5209A_23_V
5209,PVGPSAREYQ,G5209A_24_C
5209,PVEPSAREYQ,G5209A_24_V
5209,VGPSAREYQT,G5209A_25_C
5209,VEPSAREYQT,G5209A_25_V
5209,GPSAREYQTK,G5209A_26_C
5209,EPSAREYQTK,G5209A_26_V
5209,AYAATIQPVGP,G5209A_28_C
5209,AYAATIQPVEP,G5209A_28_V
5209,YAATIQPVGPS,G5209A_29_C
5209,YAATIQPVEPS,G5209A_29_V
5209,AATIQPVGPSA,G5209A_30_C
5209,AATIQPVEPSA,G5209A_30_V
5209,ATIQPVGPSAR,G5209A_31_C
5209,ATIQPVEPSAR,G5209A_31_V
5209,TIQPVGPSARE,G5209A_32_C
5209,TIQPVEPSARE,G5209A_32_V
5209,IQPVGPSAREY,G5209A_33_C
5209,IQPVEPSAREY,G5209A_33_V
5209,QPVGPSAREYQ,G5209A_34_C
5209,QPVEPSAREYQ,G5209A_34_V
5209,PVGPSAREYQT,G5209A_35_C
5209,PVEPSAREYQT,G5209A_35_V
5209,VGPSAREYQTK,G5209A_36_C
5209,VEPSAREYQTK,G5209A_36_V
5209,GPSAREYQTKN,G5209A_37_C
5209,EPSAREYQTKN,G5209A_37_V
5455,QVKRKPSN,C5455T_1_C
5455,QVKRKPFN,C5455T_1_V
5455,VKRKPSNQ,C5455T_2_C
5455,VKRKPFNQ,C5455T_2_V
5455,KRKPSNQP,C5455T_3_C
5455,KRKPFNQP,C5455T_3_V
5455,RKPSNQPP,C5455T_4_C
5455,RKPFNQPP,C5455T_4_V
5455,KPSNQPPP,C5455T_5_C
5455,KPFNQPPP,C5455T_5_V
5455,PSNQPPPK,C5455T_6_C
5455,PFNQPPPK,C5455T_6_V
5455,SNQPPPKA,C5455T_7_C
5455,FNQPPPKA,C5455T_7_V
5455,TQVKRKPSN,C5455T_9_C
5455,TQVKRKPFN,C5455T_9_V
5455,QVKRKPSNQ,C5455T_10_C
5455,QVKRKPFNQ,C5455T_10_V
5455,VKRKPSNQP,C5455T_11_C
5455,VKRKPFNQP,C5455T_11_V
5455,KRKPSNQPP,C5455T_12_C
5455,KRKPFNQPP,C5455T_12_V
5455,RKPSNQPPP,C5455T_13_C
5455,RKPFNQPPP,C5455T_13_V
5455,KPSNQPPPK,C5455T_14_C
5455,KPFNQPPPK,C5455T_14_V
5455,PSNQPPPKA,C5455T_15_C
5455,PFNQPPPKA,C5455T_15_V
5455,SNQPPPKAI,C5455T_16_C
5455,FNQPPPKAI,C5455T_16_V
5455,NTQVKRKPSN,C5455T_18_C
5455,NTQVKRKPFN,C5455T_18_V
5455,TQVKRKPSNQ,C5455T_19_C
5455,TQVKRKPFNQ,C5455T_19_V
5455,QVKRKPSNQP,C5455T_20_C
5455,QVKRKPFNQP,C5455T_20_V
5455,VKRKPSNQPP,C5455T_21_C
5455,VKRKPFNQPP,C5455T_21_V
5455,KRKPSNQPPP,C5455T_22_C
5455,KRKPFNQPPP,C5455T_22_V
5455,RKPSNQPPPK,C5455T_23_C
5455,RKPFNQPPPK,C5455T_23_V
5455,KPSNQPPPKA,C5455T_24_C
5455,KPFNQPPPKA,C5455T_24_V
5455,PSNQPPPKAI,C5455T_25_C
5455,PFNQPPPKAI,C5455T_25_V
5455,SNQPPPKAIR,C5455T_26_C
5455,FNQPPPKAIR,C5455T_26_V
5455,QNTQVKRKPSN,C5455T_28_C
5455,QNTQVKRKPFN,C5455T_28_V
5455,NTQVKRKPSNQ,C5455T_29_C
5455,NTQVKRKPFNQ,C5455T_29_V
5455,TQVKRKPSNQP,C5455T_30_C
5455,TQVKRKPFNQP,C5455T_30_V
5455,QVKRKPSNQPP,C5455T_31_C
5455,QVKRKPFNQPP,C5455T_31_V
5455,VKRKPSNQPPP,C5455T_32_C
5455,VKRKPFNQPPP,C5455T_32_V
5455,KRKPSNQPPPK,C5455T_33_C
5455,KRKPFNQPPPK,C5455T_33_V
5455,RKPSNQPPPKA,C5455T_34_C
5455,RKPFNQPPPKA,C5455T_34_V
5455,KPSNQPPPKAI,C5455T_35_C
5455,KPFNQPPPKAI,C5455T_35_V
5455,PSNQPPPKAIR,C5455T_36_C
5455,PFNQPPPKAIR,C5455T_36_V
5455,SNQPPPKAIRA,C5455T_37_C
5455,FNQPPPKAIRA,C5455T_37_V
5638,VIKKRIVA,A5638T_1_C
5638,VIK*RIVA,A5638T_1_V
5638,IKKRIVAK,A5638T_2_C
5638,IK*RIVAK,A5638T_2_V
5638,KKRIVAKS,A5638T_3_C
5638,K*RIVAKS,A5638T_3_V
5638,KRIVAKSH,A5638T_4_C
5638,*RIVAKSH,A5638T_4_V
5638,VIKKRIVAK,A5638T_6_C
5638,VIK*RIVAK,A5638T_6_V
5638,IKKRIVAKS,A5638T_7_C
5638,IK*RIVAKS,A5638T_7_V
5638,KKRIVAKSH,A5638T_8_C
5638,K*RIVAKSH,A5638T_8_V
5638,KRIVAKSHD,A5638T_9_C
5638,*RIVAKSHD,A5638T_9_V
5638,VIKKRIVAKS,A5638T_11_C
5638,VIK*RIVAKS,A5638T_11_V
5638,IKKRIVAKSH,A5638T_12_C
5638,IK*RIVAKSH,A5638T_12_V
5638,KKRIVAKSHD,A5638T_13_C
5638,K*RIVAKSHD,A5638T_13_V
5638,KRIVAKSHDQ,A5638T_14_C
5638,*RIVAKSHDQ,A5638T_14_V
5638,VIKKRIVAKSH,A5638T_16_C
5638,VIK*RIVAKSH,A5638T_16_V
5638,IKKRIVAKSHD,A5638T_17_C
5638,IK*RIVAKSHD,A5638T_17_V
5638,KKRIVAKSHDQ,A5638T_18_C
5638,K*RIVAKSHDQ,A5638T_18_V
5638,KRIVAKSHDQI,A5638T_19_C
5638,*RIVAKSHDQI,A5638T_19_V
5655,KKRIVAKS,A5655T_1_C
5655,KKRIVANS,A5655T_1_V
5655,KRIVAKSH,A5655T_2_C
5655,KRIVANSH,A5655T_2_V
5655,RIVAKSHD,A5655T_3_C
5655,RIVANSHD,A5655T_3_V
5655,IVAKSHDQ,A5655T_4_C
5655,IVANSHDQ,A5655T_4_V
5655,VAKSHDQI,A5655T_5_C
5655,VANSHDQI,A5655T_5_V
5655,AKSHDQIK,A5655T_6_C
5655,ANSHDQIK,A5655T_6_V
5655,KSHDQIKQ,A5655T_7_C
5655,NSHDQIKQ,A5655T_7_V
5655,IKKRIVAKS,A5655T_9_C
5655,IKKRIVANS,A5655T_9_V
5655,KKRIVAKSH,A5655T_10_C
5655,KKRIVANSH,A5655T_10_V
5655,KRIVAKSHD,A5655T_11_C
5655,KRIVANSHD,A5655T_11_V
5655,RIVAKSHDQ,A5655T_12_C
5655,RIVANSHDQ,A5655T_12_V
5655,IVAKSHDQI,A5655T_13_C
5655,IVANSHDQI,A5655T_13_V
5655,VAKSHDQIK,A5655T_14_C
5655,VANSHDQIK,A5655T_14_V
5655,AKSHDQIKQ,A5655T_15_C
5655,ANSHDQIKQ,A5655T_15_V
5655,KSHDQIKQN,A5655T_16_C
5655,NSHDQIKQN,A5655T_16_V
5655,VIKKRIVAKS,A5655T_18_C
5655,VIKKRIVANS,A5655T_18_V
5655,IKKRIVAKSH,A5655T_19_C
5655,IKKRIVANSH,A5655T_19_V
5655,KKRIVAKSHD,A5655T_20_C
5655,KKRIVANSHD,A5655T_20_V
5655,KRIVAKSHDQ,A5655T_21_C
5655,KRIVANSHDQ,A5655T_21_V
5655,RIVAKSHDQI,A5655T_22_C
5655,RIVANSHDQI,A5655T_22_V
5655,IVAKSHDQIK,A5655T_23_C
5655,IVANSHDQIK,A5655T_23_V
5655,VAKSHDQIKQ,A5655T_24_C
5655,VANSHDQIKQ,A5655T_24_V
5655,AKSHDQIKQN,A5655T_25_C
5655,ANSHDQIKQN,A5655T_25_V
5655,KSHDQIKQNQ,A5655T_26_C
5655,NSHDQIKQNQ,A5655T_26_V
5655,VIKKRIVAKSH,A5655T_28_C
5655,VIKKRIVANSH,A5655T_28_V
5655,IKKRIVAKSHD,A5655T_29_C
5655,IKKRIVANSHD,A5655T_29_V
5655,KKRIVAKSHDQ,A5655T_30_C
5655,KKRIVANSHDQ,A5655T_30_V
5655,KRIVAKSHDQI,A5655T_31_C
5655,KRIVANSHDQI,A5655T_31_V
5655,RIVAKSHDQIK,A5655T_32_C
5655,RIVANSHDQIK,A5655T_32_V
5655,IVAKSHDQIKQ,A5655T_33_C
5655,IVANSHDQIKQ,A5655T_33_V
5655,VAKSHDQIKQN,A5655T_34_C
5655,VANSHDQIKQN,A5655T_34_V
5655,AKSHDQIKQNQ,A5655T_35_C
5655,ANSHDQIKQNQ,A5655T_35_V
5655,KSHDQIKQNQN,A5655T_36_C
5655,NSHDQIKQNQN,A5655T_36_V
6169,PVALPYPR,C6169T_1_C
6169,PVALPYSR,C6169T_1_V
6169,VALPYPRS,C6169T_2_C
6169,VALPYSRS,C6169T_2_V
6169,ALPYPRSC,C6169T_3_C
6169,ALPYSRSC,C6169T_3_V
6169,LPYPRSCT,C6169T_4_C
6169,LPYSRSCT,C6169T_4_V
6169,PYPRSCT*,C6169T_5_C
6169,PYSRSCT*,C6169T_5_V
6169,YPRSCT*K,C6169T_6_C
6169,YSRSCT*K,C6169T_6_V
6169,PRSCT*KG,C6169T_7_C
6169,SRSCT*KG,C6169T_7_V
6169,SPVALPYPR,C6169T_9_C
6169,SPVALPYSR,C6169T_9_V
6169,PVALPYPRS,C6169T_10_C
6169,PVALPYSRS,C6169T_10_V
6169,VALPYPRSC,C6169T_11_C
6169,VALPYSRSC,C6169T_11_V
6169,ALPYPRSCT,C6169T_12_C
6169,ALPYSRSCT,C6169T_12_V
6169,LPYPRSCT*,C6169T_13_C
6169,LPYSRSCT*,C6169T_13_V
6169,PYPRSCT*K,C6169T_14_C
6169,PYSRSCT*K,C6169T_14_V
6169,YPRSCT*KG,C6169T_15_C
6169,YSRSCT*KG,C6169T_15_V
6169,PRSCT*KGK,C6169T_16_C
6169,SRSCT*KGK,C6169T_16_V
6169,QSPVALPYPR,C6169T_18_C
6169,QSPVALPYSR,C6169T_18_V
6169,SPVALPYPRS,C6169T_19_C
6169,SPVALPYSRS,C6169T_19_V
6169,PVALPYPRSC,C6169T_20_C
6169,PVALPYSRSC,C6169T_20_V
6169,VALPYPRSCT,C6169T_21_C
6169,VALPYSRSCT,C6169T_21_V
6169,ALPYPRSCT*,C6169T_22_C
6169,ALPYSRSCT*,C6169T_22_V
6169,LPYPRSCT*K,C6169T_23_C
6169,LPYSRSCT*K,C6169T_23_V
6169,PYPRSCT*KG,C6169T_24_C
6169,PYSRSCT*KG,C6169T_24_V
6169,YPRSCT*KGK,C6169T_25_C
6169,YSRSCT*KGK,C6169T_25_V
6169,PRSCT*KGK*,C6169T_26_C
6169,SRSCT*KGK*,C6169T_26_V
6169,LQSPVALPYPR,C6169T_28_C
6169,LQSPVALPYSR,C6169T_28_V
6169,QSPVALPYPRS,C6169T_29_C
6169,QSPVALPYSRS,C6169T_29_V
6169,SPVALPYPRSC,C6169T_30_C
6169,SPVALPYSRSC,C6169T_30_V
6169,PVALPYPRSCT,C6169T_31_C
6169,PVALPYSRSCT,C6169T_31_V
6169,VALPYPRSCT*,C6169T_32_C
6169,VALPYSRSCT*,C6169T_32_V
6169,ALPYPRSCT*K,C6169T_33_C
6169,ALPYSRSCT*K,C6169T_33_V
6169,LPYPRSCT*KG,C6169T_34_C
6169,LPYSRSCT*KG,C6169T_34_V
6169,PYPRSCT*KGK,C6169T_35_C
6169,PYSRSCT*KGK,C6169T_35_V
6169,YPRSCT*KGK*,C6169T_36_C
6169,YSRSCT*KGK*,C6169T_36_V
6169,PRSCT*KGK*T,C6169T_37_C
6169,SRSCT*KGK*T,C6169T_37_V
6223,SKVLYYPQ,C6223T_1_C
6223,SKVLYYSQ,C6223T_1_V
6223,KVLYYPQT,C6223T_2_C
6223,KVLYYSQT,C6223T_2_V
6223,VLYYPQTR,C6223T_3_C
6223,VLYYSQTR,C6223T_3_V
6223,LYYPQTRL,C6223T_4_C
6223,LYYSQTRL,C6223T_4_V
6223,YYPQTRL*,C6223T_5_C
6223,YYSQTRL*,C6223T_5_V
6223,YPQTRL*S,C6223T_6_C
6223,YSQTRL*S,C6223T_6_V
6223,PQTRL*SA,C6223T_7_C
6223,SQTRL*SA,C6223T_7_V
6223,KSKVLYYPQ,C6223T_9_C
6223,KSKVLYYSQ,C6223T_9_V
6223,SKVLYYPQT,C6223T_10_C
6223,SKVLYYSQT,C6223T_10_V
6223,KVLYYPQTR,C6223T_11_C
6223,KVLYYSQTR,C6223T_11_V
6223,VLYYPQTRL,C6223T_12_C
6223,VLYYSQTRL,C6223T_12_V
6223,LYYPQTRL*,C6223T_13_C
6223,LYYSQTRL*,C6223T_13_V
6223,YYPQTRL*S,C6223T_14_C
6223,YYSQTRL*S,C6223T_14_V
6223,YPQTRL*SA,C6223T_15_C
6223,YSQTRL*SA,C6223T_15_V
6223,PQTRL*SAY,C6223T_16_C
6223,SQTRL*SAY,C6223T_16_V
6223,TKSKVLYYPQ,C6223T_18_C
6223,TKSKVLYYSQ,C6223T_18_V
6223,KSKVLYYPQT,C6223T_19_C
6223,KSKVLYYSQT,C6223T_19_V
6223,SKVLYYPQTR,C6223T_20_C
6223,SKVLYYSQTR,C6223T_20_V
6223,KVLYYPQTRL,C6223T_21_C
6223,KVLYYSQTRL,C6223T_21_V
6223,VLYYPQTRL*,C6223T_22_C
6223,VLYYSQTRL*,C6223T_22_V
6223,LYYPQTRL*S,C6223T_23_C
6223,LYYSQTRL*S,C6223T_23_V
6223,YYPQTRL*SA,C6223T_24_C
6223,YYSQTRL*SA,C6223T_24_V
6223,YPQTRL*SAY,C6223T_25_C
6223,YSQTRL*SAY,C6223T_25_V
6223,PQTRL*SAYL,C6223T_26_C
6223,SQTRL*SAYL,C6223T_26_V
6223,*TKSKVLYYPQ,C6223T_28_C
6223,*TKSKVLYYSQ,C6223T_28_V
6223,TKSKVLYYPQT,C6223T_29_C
6223,TKSKVLYYSQT,C6223T_29_V
6223,KSKVLYYPQTR,C6223T_30_C
6223,KSKVLYYSQTR,C6223T_30_V
6223,SKVLYYPQTRL,C6223T_31_C
6223,SKVLYYSQTRL,C6223T_31_V
6223,KVLYYPQTRL*,C6223T_32_C
6223,KVLYYSQTRL*,C6223T_32_V
6223,VLYYPQTRL*S,C6223T_33_C
6223,VLYYSQTRL*S,C6223T_33_V
6223,LYYPQTRL*SA,C6223T_34_C
6223,LYYSQTRL*SA,C6223T_34_V
6223,YYPQTRL*SAY,C6223T_35_C
6223,YYSQTRL*SAY,C6223T_35_V
6223,YPQTRL*SAYL,C6223T_36_C
6223,YSQTRL*SAYL,C6223T_36_V
6223,PQTRL*SAYLM,C6223T_37_C
6223,SQTRL*SAYLM,C6223T_37_V
6293,ARC*TSKT,A6293G_1_C
6293,ARC*TSRT,A6293G_1_V
6293,RC*TSKTI,A6293G_2_C
6293,RC*TSRTI,A6293G_2_V
6293,C*TSKTI*,A6293G_3_C
6293,C*TSRTI*,A6293G_3_V
6293,*TSKTI*I,A6293G_4_C
6293,*TSRTI*I,A6293G_4_V
6293,TSKTI*IN,A6293G_5_C
6293,TSRTI*IN,A6293G_5_V
6293,SKTI*INS,A6293G_6_C
6293,SRTI*INS,A6293G_6_V
6293,KTI*INSC,A6293G_7_C
6293,RTI*INSC,A6293G_7_V
6293,PARC*TSKT,A6293G_9_C
6293,PARC*TSRT,A6293G_9_V
6293,ARC*TSKTI,A6293G_10_C
6293,ARC*TSRTI,A6293G_10_V
6293,RC*TSKTI*,A6293G_11_C
6293,RC*TSRTI*,A6293G_11_V
6293,C*TSKTI*I,A6293G_12_C
6293,C*TSRTI*I,A6293G_12_V
6293,*TSKTI*IN,A6293G_13_C
6293,*TSRTI*IN,A6293G_13_V
6293,TSKTI*INS,A6293G_14_C
6293,TSRTI*INS,A6293G_14_V
6293,SKTI*INSC,A6293G_15_C
6293,SRTI*INSC,A6293G_15_V
6293,KTI*INSCY,A6293G_16_C
6293,RTI*INSCY,A6293G_16_V
6293,*PARC*TSKT,A6293G_18_C
6293,*PARC*TSRT,A6293G_18_V
6293,PARC*TSKTI,A6293G_19_C
6293,PARC*TSRTI,A6293G_19_V
6293,ARC*TSKTI*,A6293G_20_C
6293,ARC*TSRTI*,A6293G_20_V
6293,RC*TSKTI*I,A6293G_21_C
6293,RC*TSRTI*I,A6293G_21_V
6293,C*TSKTI*IN,A6293G_22_C
6293,C*TSRTI*IN,A6293G_22_V
6293,*TSKTI*INS,A6293G_23_C
6293,*TSRTI*INS,A6293G_23_V
6293,TSKTI*INSC,A6293G_24_C
6293,TSRTI*INSC,A6293G_24_V
6293,SKTI*INSCY,A6293G_25_C
6293,SRTI*INSCY,A6293G_25_V
6293,KTI*INSCYL,A6293G_26_C
6293,RTI*INSCYL,A6293G_26_V
6293,S*PARC*TSKT,A6293G_28_C
6293,S*PARC*TSRT,A6293G_28_V
6293,*PARC*TSKTI,A6293G_29_C
6293,*PARC*TSRTI,A6293G_29_V
6293,PARC*TSKTI*,A6293G_30_C
6293,PARC*TSRTI*,A6293G_30_V
6293,ARC*TSKTI*I,A6293G_31_C
6293,ARC*TSRTI*I,A6293G_31_V
6293,RC*TSKTI*IN,A6293G_32_C
6293,RC*TSRTI*IN,A6293G_32_V
6293,C*TSKTI*INS,A6293G_33_C
6293,C*TSRTI*INS,A6293G_33_V
6293,*TSKTI*INSC,A6293G_34_C
6293,*TSRTI*INSC,A6293G_34_V
6293,TSKTI*INSCY,A6293G_35_C
6293,TSRTI*INSCY,A6293G_35_V
6293,SKTI*INSCYL,A6293G_36_C
6293,SRTI*INSCYL,A6293G_36_V
6293,KTI*INSCYLL,A6293G_37_C
6293,RTI*INSCYLL,A6293G_37_V
6306,TSKTI*IN,A6306G_1_C
6306,TSKTI*MN,A6306G_1_V
6306,SKTI*INS,A6306G_2_C
6306,SKTI*MNS,A6306G_2_V
6306,KTI*INSC,A6306G_3_C
6306,KTI*MNSC,A6306G_3_V
6306,TI*INSCY,A6306G_4_C
6306,TI*MNSCY,A6306G_4_V
6306,I*INSCYL,A6306G_5_C
6306,I*MNSCYL,A6306G_5_V
6306,*INSCYLL,A6306G_6_C
6306,*MNSCYLL,A6306G_6_V
6306,INSCYLLL,A6306G_7_C
6306,MNSCYLLL,A6306G_7_V
6306,*TSKTI*IN,A6306G_9_C
6306,*TSKTI*MN,A6306G_9_V
6306,TSKTI*INS,A6306G_10_C
6306,TSKTI*MNS,A6306G_10_V
6306,SKTI*INSC,A6306G_11_C
6306,SKTI*MNSC,A6306G_11_V
6306,KTI*INSCY,A6306G_12_C
6306,KTI*MNSCY,A6306G_12_V
6306,TI*INSCYL,A6306G_13_C
6306,TI*MNSCYL,A6306G_13_V
6306,I*INSCYLL,A6306G_14_C
6306,I*MNSCYLL,A6306G_14_V
6306,*INSCYLLL,A6306G_15_C
6306,*MNSCYLLL,A6306G_15_V
6306,INSCYLLLT,A6306G_16_C
6306,MNSCYLLLT,A6306G_16_V
6306,C*TSKTI*IN,A6306G_18_C
6306,C*TSKTI*MN,A6306G_18_V
6306,*TSKTI*INS,A6306G_19_C
6306,*TSKTI*MNS,A6306G_19_V
6306,TSKTI*INSC,A6306G_20_C
6306,TSKTI*MNSC,A6306G_20_V
6306,SKTI*INSCY,A6306G_21_C
6306,SKTI*MNSCY,A6306G_21_V
6306,KTI*INSCYL,A6306G_22_C
6306,KTI*MNSCYL,A6306G_22_V
6306,TI*INSCYLL,A6306G_23_C
6306,TI*MNSCYLL,A6306G_23_V
6306,I*INSCYLLL,A6306G_24_C
6306,I*MNSCYLLL,A6306G_24_V
6306,*INSCYLLLT,A6306G_25_C
6306,*MNSCYLLLT,A6306G_25_V
6306,INSCYLLLTS,A6306G_26_C
6306,MNSCYLLLTS,A6306G_26_V
6306,RC*TSKTI*IN,A6306G_28_C
6306,RC*TSKTI*MN,A6306G_28_V
6306,C*TSKTI*INS,A6306G_29_C
6306,C*TSKTI*MNS,A6306G_29_V
6306,*TSKTI*INSC,A6306G_30_C
6306,*TSKTI*MNSC,A6306G_30_V
6306,TSKTI*INSCY,A6306G_31_C
6306,TSKTI*MNSCY,A6306G_31_V
6306,SKTI*INSCYL,A6306G_32_C
6306,SKTI*MNSCYL,A6306G_32_V
6306,KTI*INSCYLL,A6306G_33_C
6306,KTI*MNSCYLL,A6306G_33_V
6306,TI*INSCYLLL,A6306G_34_C
6306,TI*MNSCYLLL,A6306G_34_V
6306,I*INSCYLLLT,A6306G_35_C
6306,I*MNSCYLLLT,A6306G_35_V
6306,*INSCYLLLTS,A6306G_36_C
6306,*MNSCYLLLTS,A6306G_36_V
6306,INSCYLLLTSK,A6306G_37_C
6306,MNSCYLLLTSK,A6306G_37_V
6507,SMICL*QM,A6507T_1_C
6507,SMICL*HM,A6507T_1_V
6507,MICL*QMI,A6507T_2_C
6507,MICL*HMI,A6507T_2_V
6507,ICL*QMIR,A6507T_3_C
6507,ICL*HMIR,A6507T_3_V
6507,CL*QMIRK,A6507T_4_C
6507,CL*HMIRK,A6507T_4_V
6507,L*QMIRKS,A6507T_5_C
6507,L*HMIRKS,A6507T_5_V
6507,*QMIRKS*,A6507T_6_C
6507,*HMIRKS*,A6507T_6_V
6507,QMIRKS*C,A6507T_7_C
6507,HMIRKS*C,A6507T_7_V
6507,*SMICL*QM,A6507T_9_C
6507,*SMICL*HM,A6507T_9_V
6507,SMICL*QMI,A6507T_10_C
6507,SMICL*HMI,A6507T_10_V
6507,MICL*QMIR,A6507T_11_C
6507,MICL*HMIR,A6507T_11_V
6507,ICL*QMIRK,A6507T_12_C
6507,ICL*HMIRK,A6507T_12_V
6507,CL*QMIRKS,A6507T_13_C
6507,CL*HMIRKS,A6507T_13_V
6507,L*QMIRKS*,A6507T_14_C
6507,L*HMIRKS*,A6507T_14_V
6507,*QMIRKS*C,A6507T_15_C
6507,*HMIRKS*C,A6507T_15_V
6507,QMIRKS*CP,A6507T_16_C
6507,HMIRKS*CP,A6507T_16_V
6507,H*SMICL*QM,A6507T_18_C
6507,H*SMICL*HM,A6507T_18_V
6507,*SMICL*QMI,A6507T_19_C
6507,*SMICL*HMI,A6507T_19_V
6507,SMICL*QMIR,A6507T_20_C
6507,SMICL*HMIR,A6507T_20_V
6507,MICL*QMIRK,A6507T_21_C
6507,MICL*HMIRK,A6507T_21_V
6507,ICL*QMIRKS,A6507T_22_C
6507,ICL*HMIRKS,A6507T_22_V
6507,CL*QMIRKS*,A6507T_23_C
6507,CL*HMIRKS*,A6507T_23_V
6507,L*QMIRKS*C,A6507T_24_C
6507,L*HMIRKS*C,A6507T_24_V
6507,*QMIRKS*CP,A6507T_25_C
6507,*HMIRKS*CP,A6507T_25_V
6507,QMIRKS*CPA,A6507T_26_C
6507,HMIRKS*CPA,A6507T_26_V
6507,YH*SMICL*QM,A6507T_28_C
6507,YH*SMICL*HM,A6507T_28_V
6507,H*SMICL*QMI,A6507T_29_C
6507,H*SMICL*HMI,A6507T_29_V
6507,*SMICL*QMIR,A6507T_30_C
6507,*SMICL*HMIR,A6507T_30_V
6507,SMICL*QMIRK,A6507T_31_C
6507,SMICL*HMIRK,A6507T_31_V
6507,MICL*QMIRKS,A6507T_32_C
6507,MICL*HMIRKS,A6507T_32_V
6507,ICL*QMIRKS*,A6507T_33_C
6507,ICL*HMIRKS*,A6507T_33_V
6507,CL*QMIRKS*C,A6507T_34_C
6507,CL*HMIRKS*C,A6507T_34_V
6507,L*QMIRKS*CP,A6507T_35_C
6507,L*HMIRKS*CP,A6507T_35_V
6507,*QMIRKS*CPA,A6507T_36_C
6507,*HMIRKS*CPA,A6507T_36_V
6507,QMIRKS*CPAM,A6507T_37_C
6507,HMIRKS*CPAM,A6507T_37_V
6518,L*QMIRKS,A6518G_1_C
6518,L*QMIRRS,A6518G_1_V
6518,*QMIRKS*,A6518G_2_C
6518,*QMIRRS*,A6518G_2_V
6518,QMIRKS*C,A6518G_3_C
6518,QMIRRS*C,A6518G_3_V
6518,MIRKS*CP,A6518G_4_C
6518,MIRRS*CP,A6518G_4_V
6518,IRKS*CPA,A6518G_5_C
6518,IRRS*CPA,A6518G_5_V
6518,RKS*CPAM,A6518G_6_C
6518,RRS*CPAM,A6518G_6_V
6518,KS*CPAMF,A6518G_7_C
6518,RS*CPAMF,A6518G_7_V
6518,CL*QMIRKS,A6518G_9_C
6518,CL*QMIRRS,A6518G_9_V
6518,L*QMIRKS*,A6518G_10_C
6518,L*QMIRRS*,A6518G_10_V
6518,*QMIRKS*C,A6518G_11_C
6518,*QMIRRS*C,A6518G_11_V
6518,QMIRKS*CP,A6518G_12_C
6518,QMIRRS*CP,A6518G_12_V
6518,MIRKS*CPA,A6518G_13_C
6518,MIRRS*CPA,A6518G_13_V
6518,IRKS*CPAM,A6518G_14_C
6518,IRRS*CPAM,A6518G_14_V
6518,RKS*CPAMF,A6518G_15_C
6518,RRS*CPAMF,A6518G_15_V
6518,KS*CPAMFK,A6518G_16_C
6518,RS*CPAMFK,A6518G_16_V
6518,ICL*QMIRKS,A6518G_18_C
6518,ICL*QMIRRS,A6518G_18_V
6518,CL*QMIRKS*,A6518G_19_C
6518,CL*QMIRRS*,A6518G_19_V
6518,L*QMIRKS*C,A6518G_20_C
6518,L*QMIRRS*C,A6518G_20_V
6518,*QMIRKS*CP,A6518G_21_C
6518,*QMIRRS*CP,A6518G_21_V
6518,QMIRKS*CPA,A6518G_22_C
6518,QMIRRS*CPA,A6518G_22_V
6518,MIRKS*CPAM,A6518G_23_C
6518,MIRRS*CPAM,A6518G_23_V
6518,IRKS*CPAMF,A6518G_24_C
6518,IRRS*CPAMF,A6518G_24_V
6518,RKS*CPAMFK,A6518G_25_C
6518,RRS*CPAMFK,A6518G_25_V
6518,KS*CPAMFK*,A6518G_26_C
6518,RS*CPAMFK*,A6518G_26_V
6518,MICL*QMIRKS,A6518G_28_C
6518,MICL*QMIRRS,A6518G_28_V
6518,ICL*QMIRKS*,A6518G_29_C
6518,ICL*QMIRRS*,A6518G_29_V
6518,CL*QMIRKS*C,A6518G_30_C
6518,CL*QMIRRS*C,A6518G_30_V
6518,L*QMIRKS*CP,A6518G_31_C
6518,L*QMIRRS*CP,A6518G_31_V
6518,*QMIRKS*CPA,A6518G_32_C
6518,*QMIRRS*CPA,A6518G_32_V
6518,QMIRKS*CPAM,A6518G_33_C
6518,QMIRRS*CPAM,A6518G_33_V
6518,MIRKS*CPAMF,A6518G_34_C
6518,MIRRS*CPAMF,A6518G_34_V
6518,IRKS*CPAMFK,A6518G_35_C
6518,IRRS*CPAMFK,A6518G_35_V
6518,RKS*CPAMFK*,A6518G_36_C
6518,RRS*CPAMFK*,A6518G_36_V
6518,KS*CPAMFK*L,A6518G_37_C
6518,RS*CPAMFK*L,A6518G_37_V
7038,GVIMYQIR,A7038G_1_C
7038,GVIMYQMR,A7038G_1_V
7038,VIMYQIRG,A7038G_2_C
7038,VIMYQMRG,A7038G_2_V
7038,IMYQIRG*,A7038G_3_C
7038,IMYQMRG*,A7038G_3_V
7038,MYQIRG*I,A7038G_4_C
7038,MYQMRG*I,A7038G_4_V
7038,YQIRG*IL,A7038G_5_C
7038,YQMRG*IL,A7038G_5_V
7038,QIRG*ILC,A7038G_6_C
7038,QMRG*ILC,A7038G_6_V
7038,IRG*ILCL,A7038G_7_C
7038,MRG*ILCL,A7038G_7_V
7038,TGVIMYQIR,A7038G_9_C
7038,TGVIMYQMR,A7038G_9_V
7038,GVIMYQIRG,A7038G_10_C
7038,GVIMYQMRG,A7038G_10_V
7038,VIMYQIRG*,A7038G_11_C
7038,VIMYQMRG*,A7038G_11_V
7038,IMYQIRG*I,A7038G_12_C
7038,IMYQMRG*I,A7038G_12_V
7038,MYQIRG*IL,A7038G_13_C
7038,MYQMRG*IL,A7038G_13_V
7038,YQIRG*ILC,A7038G_14_C
7038,YQMRG*ILC,A7038G_14_V
7038,QIRG*ILCL,A7038G_15_C
7038,QMRG*ILCL,A7038G_15_V
7038,IRG*ILCL*,A7038G_16_C
7038,MRG*ILCL*,A7038G_16_V
7038,LTGVIMYQIR,A7038G_18_C
7038,LTGVIMYQMR,A7038G_18_V
7038,TGVIMYQIRG,A7038G_19_C
7038,TGVIMYQMRG,A7038G_19_V
7038,GVIMYQIRG*,A7038G_20_C
7038,GVIMYQMRG*,A7038G_20_V
7038,VIMYQIRG*I,A7038G_21_C
7038,VIMYQMRG*I,A7038G_21_V
7038,IMYQIRG*IL,A7038G_22_C
7038,IMYQMRG*IL,A7038G_22_V
7038,MYQIRG*ILC,A7038G_23_C
7038,MYQMRG*ILC,A7038G_23_V
7038,YQIRG*ILCL,A7038G_24_C
7038,YQMRG*ILCL,A7038G_24_V
7038,QIRG*ILCL*,A7038G_25_C
7038,QMRG*ILCL*,A7038G_25_V
7038,IRG*ILCL*V,A7038G_26_C
7038,MRG*ILCL*V,A7038G_26_V
7038,SLTGVIMYQIR,A7038G_28_C
7038,SLTGVIMYQMR,A7038G_28_V
7038,LTGVIMYQIRG,A7038G_29_C
7038,LTGVIMYQMRG,A7038G_29_V
7038,TGVIMYQIRG*,A7038G_30_C
7038,TGVIMYQMRG*,A7038G_30_V
7038,GVIMYQIRG*I,A7038G_31_C
7038,GVIMYQMRG*I,A7038G_31_V
7038,VIMYQIRG*IL,A7038G_32_C
7038,VIMYQMRG*IL,A7038G_32_V
7038,IMYQIRG*ILC,A7038G_33_C
7038,IMYQMRG*ILC,A7038G_33_V
7038,MYQIRG*ILCL,A7038G_34_C
7038,MYQMRG*ILCL,A7038G_34_V
7038,YQIRG*ILCL*,A7038G_35_C
7038,YQMRG*ILCL*,A7038G_35_V
7038,QIRG*ILCL*V,A7038G_36_C
7038,QMRG*ILCL*V,A7038G_36_V
7038,IRG*ILCL*VI,A7038G_37_C
7038,MRG*ILCL*VI,A7038G_37_V
7042,IMYQIRG*,G7042A_1_C
7042,IMYQIRR*,G7042A_1_V
7042,MYQIRG*I,G7042A_2_C
7042,MYQIRR*I,G7042A_2_V
7042,YQIRG*IL,G7042A_3_C
7042,YQIRR*IL,G7042A_3_V
7042,QIRG*ILC,G7042A_4_C
7042,QIRR*ILC,G7042A_4_V
7042,IRG*ILCL,G7042A_5_C
7042,IRR*ILCL,G7042A_5_V
7042,RG*ILCL*,G7042A_6_C
7042,RR*ILCL*,G7042A_6_V
7042,G*ILCL*V,G7042A_7_C
7042,R*ILCL*V,G7042A_7_V
7042,VIMYQIRG*,G7042A_9_C
7042,VIMYQIRR*,G7042A_9_V
7042,IMYQIRG*I,G7042A_10_C
7042,IMYQIRR*I,G7042A_10_V
7042,MYQIRG*IL,G7042A_11_C
7042,MYQIRR*IL,G7042A_11_V
7042,YQIRG*ILC,G7042A_12_C
7042,YQIRR*ILC,G7042A_12_V
7042,QIRG*ILCL,G7042A_13_C
7042,QIRR*ILCL,G7042A_13_V
7042,IRG*ILCL*,G7042A_14_C
7042,IRR*ILCL*,G7042A_14_V
7042,RG*ILCL*V,G7042A_15_C
7042,RR*ILCL*V,G7042A_15_V
7042,G*ILCL*VI,G7042A_16_C
7042,R*ILCL*VI,G7042A_16_V
7042,GVIMYQIRG*,G7042A_18_C
7042,GVIMYQIRR*,G7042A_18_V
7042,VIMYQIRG*I,G7042A_19_C
7042,VIMYQIRR*I,G7042A_19_V
7042,IMYQIRG*IL,G7042A_20_C
7042,IMYQIRR*IL,G7042A_20_V
7042,MYQIRG*ILC,G7042A_21_C
7042,MYQIRR*ILC,G7042A_21_V
7042,YQIRG*ILCL,G7042A_22_C
7042,YQIRR*ILCL,G7042A_22_V
7042,QIRG*ILCL*,G7042A_23_C
7042,QIRR*ILCL*,G7042A_23_V
7042,IRG*ILCL*V,G7042A_24_C
7042,IRR*ILCL*V,G7042A_24_V
7042,RG*ILCL*VI,G7042A_25_C
7042,RR*ILCL*VI,G7042A_25_V
7042,G*ILCL*VIH,G7042A_26_C
7042,R*ILCL*VIH,G7042A_26_V
7042,TGVIMYQIRG*,G7042A_28_C
7042,TGVIMYQIRR*,G7042A_28_V
7042,GVIMYQIRG*I,G7042A_29_C
7042,GVIMYQIRR*I,G7042A_29_V
7042,VIMYQIRG*IL,G7042A_30_C
7042,VIMYQIRR*IL,G7042A_30_V
7042,IMYQIRG*ILC,G7042A_31_C
7042,IMYQIRR*ILC,G7042A_31_V
7042,MYQIRG*ILCL,G7042A_32_C
7042,MYQIRR*ILCL,G7042A_32_V
7042,YQIRG*ILCL*,G7042A_33_C
7042,YQIRR*ILCL*,G7042A_33_V
7042,QIRG*ILCL*V,G7042A_34_C
7042,QIRR*ILCL*V,G7042A_34_V
7042,IRG*ILCL*VI,G7042A_35_C
7042,IRR*ILCL*VI,G7042A_35_V
7042,RG*ILCL*VIH,G7042A_36_C
7042,RR*ILCL*VIH,G7042A_36_V
7042,G*ILCL*VIHY,G7042A_37_C
7042,R*ILCL*VIHY,G7042A_37_V
7640,FVKMRTGA,G7640C_1_C
7640,FVKMRTRA,G7640C_1_V
7640,VKMRTGAN,G7640C_2_C
7640,VKMRTRAN,G7640C_2_V
7640,KMRTGANM,G7640C_3_C
7640,KMRTRANM,G7640C_3_V
7640,MRTGANMS,G7640C_4_C
7640,MRTRANMS,G7640C_4_V
7640,RTGANMSR,G7640C_5_C
7640,RTRANMSR,G7640C_5_V
7640,TGANMSRR,G7640C_6_C
7640,TRANMSRR,G7640C_6_V
7640,GANMSRRN,G7640C_7_C
7640,RANMSRRN,G7640C_7_V
7640,LFVKMRTGA,G7640C_9_C
7640,LFVKMRTRA,G7640C_9_V
7640,FVKMRTGAN,G7640C_10_C
7640,FVKMRTRAN,G7640C_10_V
7640,VKMRTGANM,G7640C_11_C
7640,VKMRTRANM,G7640C_11_V
7640,KMRTGANMS,G7640C_12_C
7640,KMRTRANMS,G7640C_12_V
7640,MRTGANMSR,G7640C_13_C
7640,MRTRANMSR,G7640C_13_V
7640,RTGANMSRR,G7640C_14_C
7640,RTRANMSRR,G7640C_14_V
7640,TGANMSRRN,G7640C_15_C
7640,TRANMSRRN,G7640C_15_V
7640,GANMSRRNP,G7640C_16_C
7640,RANMSRRNP,G7640C_16_V
7640,LLFVKMRTGA,G7640C_18_C
7640,LLFVKMRTRA,G7640C_18_V
7640,LFVKMRTGAN,G7640C_19_C
7640,LFVKMRTRAN,G7640C_19_V
7640,FVKMRTGANM,G7640C_20_C
7640,FVKMRTRANM,G7640C_20_V
7640,VKMRTGANMS,G7640C_21_C
7640,VKMRTRANMS,G7640C_21_V
7640,KMRTGANMSR,G7640C_22_C
7640,KMRTRANMSR,G7640C_22_V
7640,MRTGANMSRR,G7640C_23_C
7640,MRTRANMSRR,G7640C_23_V
7640,RTGANMSRRN,G7640C_24_C
7640,RTRANMSRRN,G7640C_24_V
7640,TGANMSRRNP,G7640C_25_C
7640,TRANMSRRNP,G7640C_25_V
7640,GANMSRRNPC,G7640C_26_C
7640,RANMSRRNPC,G7640C_26_V
7640,NLLFVKMRTGA,G7640C_28_C
7640,NLLFVKMRTRA,G7640C_28_V
7640,LLFVKMRTGAN,G7640C_29_C
7640,LLFVKMRTRAN,G7640C_29_V
7640,LFVKMRTGANM,G7640C_30_C
7640,LFVKMRTRANM,G7640C_30_V
7640,FVKMRTGANMS,G7640C_31_C
7640,FVKMRTRANMS,G7640C_31_V
7640,VKMRTGANMSR,G7640C_32_C
7640,VKMRTRANMSR,G7640C_32_V
7640,KMRTGANMSRR,G7640C_33_C
7640,KMRTRANMSRR,G7640C_33_V
7640,MRTGANMSRRN,G7640C_34_C
7640,MRTRANMSRRN,G7640C_34_V
7640,RTGANMSRRNP,G7640C_35_C
7640,RTRANMSRRNP,G7640C_35_V
7640,TGANMSRRNPC,G7640C_36_C
7640,TRANMSRRNPC,G7640C_36_V
7640,GANMSRRNPCK,G7640C_37_C
7640,RANMSRRNPCK,G7640C_37_V
7992,DDIKKLRD,G7992A_1_C
7992,DDIKKLKD,G7992A_1_V
7992,DIKKLRDN,G7992A_2_C
7992,DIKKLKDN,G7992A_2_V
7992,IKKLRDNE,G7992A_3_C
7992,IKKLKDNE,G7992A_3_V
7992,KKLRDNEE,G7992A_4_C
7992,KKLKDNEE,G7992A_4_V
7992,KLRDNEEP,G7992A_5_C
7992,KLKDNEEP,G7992A_5_V
7992,LRDNEEPN,G7992A_6_C
7992,LKDNEEPN,G7992A_6_V
7992,RDNEEPNS,G7992A_7_C
7992,KDNEEPNS,G7992A_7_V
7992,SDDIKKLRD,G7992A_9_C
7992,SDDIKKLKD,G7992A_9_V
7992,DDIKKLRDN,G7992A_10_C
7992,DDIKKLKDN,G7992A_10_V
7992,DIKKLRDNE,G7992A_11_C
7992,DIKKLKDNE,G7992A_11_V
7992,IKKLRDNEE,G7992A_12_C
7992,IKKLKDNEE,G7992A_12_V
7992,KKLRDNEEP,G7992A_13_C
7992,KKLKDNEEP,G7992A_13_V
7992,KLRDNEEPN,G7992A_14_C
7992,KLKDNEEPN,G7992A_14_V
7992,LRDNEEPNS,G7992A_15_C
7992,LKDNEEPNS,G7992A_15_V
7992,RDNEEPNSP,G7992A_16_C
7992,KDNEEPNSP,G7992A_16_V
7992,NSDDIKKLRD,G7992A_18_C
7992,NSDDIKKLKD,G7992A_18_V
7992,SDDIKKLRDN,G7992A_19_C
7992,SDDIKKLKDN,G7992A_19_V
7992,DDIKKLRDNE,G7992A_20_C
7992,DDIKKLKDNE,G7992A_20_V
7992,DIKKLRDNEE,G7992A_21_C
7992,DIKKLKDNEE,G7992A_21_V
7992,IKKLRDNEEP,G7992A_22_C
7992,IKKLKDNEEP,G7992A_22_V
7992,KKLRDNEEPN,G7992A_23_C
7992,KKLKDNEEPN,G7992A_23_V
7992,KLRDNEEPNS,G7992A_24_C
7992,KLKDNEEPNS,G7992A_24_V
7992,LRDNEEPNSP,G7992A_25_C
7992,LKDNEEPNSP,G7992A_25_V
7992,RDNEEPNSPK,G7992A_26_C
7992,KDNEEPNSPK,G7992A_26_V
7992,LNSDDIKKLRD,G7992A_28_C
7992,LNSDDIKKLKD,G7992A_28_V
7992,NSDDIKKLRDN,G7992A_29_C
7992,NSDDIKKLKDN,G7992A_29_V
7992,SDDIKKLRDNE,G7992A_30_C
7992,SDDIKKLKDNE,G7992A_30_V
7992,DDIKKLRDNEE,G7992A_31_C
7992,DDIKKLKDNEE,G7992A_31_V
7992,DIKKLRDNEEP,G7992A_32_C
7992,DIKKLKDNEEP,G7992A_32_V
7992,IKKLRDNEEPN,G7992A_33_C
7992,IKKLKDNEEPN,G7992A_33_V
7992,KKLRDNEEPNS,G7992A_34_C
7992,KKLKDNEEPNS,G7992A_34_V
7992,KLRDNEEPNSP,G7992A_35_C
7992,KLKDNEEPNSP,G7992A_35_V
7992,LRDNEEPNSPK,G7992A_36_C
7992,LKDNEEPNSPK,G7992A_36_V
7992,RDNEEPNSPKV,G7992A_37_C
7992,KDNEEPNSPKV,G7992A_37_V
8257,YPCSINSI,C8257T_1_C
8257,YPCSINFI,C8257T_1_V
8257,PCSINSIL,C8257T_2_C
8257,PCSINFIL,C8257T_2_V
8257,CSINSILI,C8257T_3_C
8257,CSINFILI,C8257T_3_V
8257,SINSILIT,C8257T_4_C
8257,SINFILIT,C8257T_4_V
8257,INSILITS,C8257T_5_C
8257,INFILITS,C8257T_5_V
8257,NSILITSN,C8257T_6_C
8257,NFILITSN,C8257T_6_V
8257,SILITSNC,C8257T_7_C
8257,FILITSNC,C8257T_7_V
8257,KYPCSINSI,C8257T_9_C
8257,KYPCSINFI,C8257T_9_V
8257,YPCSINSIL,C8257T_10_C
8257,YPCSINFIL,C8257T_10_V
8257,PCSINSILI,C8257T_11_C
8257,PCSINFILI,C8257T_11_V
8257,CSINSILIT,C8257T_12_C
8257,CSINFILIT,C8257T_12_V
8257,SINSILITS,C8257T_13_C
8257,SINFILITS,C8257T_13_V
8257,INSILITSN,C8257T_14_C
8257,INFILITSN,C8257T_14_V
8257,NSILITSNC,C8257T_15_C
8257,NFILITSNC,C8257T_15_V
8257,SILITSNCR,C8257T_16_C
8257,FILITSNCR,C8257T_16_V
8257,EKYPCSINSI,C8257T_18_C
8257,EKYPCSINFI,C8257T_18_V
8257,KYPCSINSIL,C8257T_19_C
8257,KYPCSINFIL,C8257T_19_V
8257,YPCSINSILI,C8257T_20_C
8257,YPCSINFILI,C8257T_20_V
8257,PCSINSILIT,C8257T_21_C
8257,PCSINFILIT,C8257T_21_V
8257,CSINSILITS,C8257T_22_C
8257,CSINFILITS,C8257T_22_V
8257,SINSILITSN,C8257T_23_C
8257,SINFILITSN,C8257T_23_V
8257,INSILITSNC,C8257T_24_C
8257,INFILITSNC,C8257T_24_V
8257,NSILITSNCR,C8257T_25_C
8257,NFILITSNCR,C8257T_25_V
8257,SILITSNCRV,C8257T_26_C
8257,FILITSNCRV,C8257T_26_V
8257,PEKYPCSINSI,C8257T_28_C
8257,PEKYPCSINFI,C8257T_28_V
8257,EKYPCSINSIL,C8257T_29_C
8257,EKYPCSINFIL,C8257T_29_V
8257,KYPCSINSILI,C8257T_30_C
8257,KYPCSINFILI,C8257T_30_V
8257,YPCSINSILIT,C8257T_31_C
8257,YPCSINFILIT,C8257T_31_V
8257,PCSINSILITS,C8257T_32_C
8257,PCSINFILITS,C8257T_32_V
8257,CSINSILITSN,C8257T_33_C
8257,CSINFILITSN,C8257T_33_V
8257,SINSILITSNC,C8257T_34_C
8257,SINFILITSNC,C8257T_34_V
8257,INSILITSNCR,C8257T_35_C
8257,INFILITSNCR,C8257T_35_V
8257,NSILITSNCRV,C8257T_36_C
8257,NFILITSNCRV,C8257T_36_V
8257,SILITSNCRVT,C8257T_37_C
8257,FILITSNCRVT,C8257T_37_V
13798,I**EAY*I,A13798C_1_C
13798,I**EAYYI,A13798C_1_V
13798,**EAY*IV,A13798C_2_C
13798,**EAYYIV,A13798C_2_V
13798,*EAY*IVY,A13798C_3_C
13798,*EAYYIVY,A13798C_3_V
13798,EAY*IVYN,A13798C_4_C
13798,EAYYIVYN,A13798C_4_V
13798,AY*IVYND,A13798C_5_C
13798,AYYIVYND,A13798C_5_V
13798,Y*IVYND*,A13798C_6_C
13798,YYIVYND*,A13798C_6_V
13798,*IVYND*N,A13798C_7_C
13798,YIVYND*N,A13798C_7_V
13798,VI**EAY*I,A13798C_9_C
13798,VI**EAYYI,A13798C_9_V
13798,I**EAY*IV,A13798C_10_C
13798,I**EAYYIV,A13798C_10_V
13798,**EAY*IVY,A13798C_11_C
13798,**EAYYIVY,A13798C_11_V
13798,*EAY*IVYN,A13798C_12_C
13798,*EAYYIVYN,A13798C_12_V
13798,EAY*IVYND,A13798C_13_C
13798,EAYYIVYND,A13798C_13_V
13798,AY*IVYND*,A13798C_14_C
13798,AYYIVYND*,A13798C_14_V
13798,Y*IVYND*N,A13798C_15_C
13798,YYIVYND*N,A13798C_15_V
13798,*IVYND*NQ,A13798C_16_C
13798,YIVYND*NQ,A13798C_16_V
13798,IVI**EAY*I,A13798C_18_C
13798,IVI**EAYYI,A13798C_18_V
13798,VI**EAY*IV,A13798C_19_C
13798,VI**EAYYIV,A13798C_19_V
13798,I**EAY*IVY,A13798C_20_C
13798,I**EAYYIVY,A13798C_20_V
13798,**EAY*IVYN,A13798C_21_C
13798,**EAYYIVYN,A13798C_21_V
13798,*EAY*IVYND,A13798C_22_C
13798,*EAYYIVYND,A13798C_22_V
13798,EAY*IVYND*,A13798C_23_C
13798,EAYYIVYND*,A13798C_23_V
13798,AY*IVYND*N,A13798C_24_C
13798,AYYIVYND*N,A13798C_24_V
13798,Y*IVYND*NQ,A13798C_25_C
13798,YYIVYND*NQ,A13798C_25_V
13798,*IVYND*NQL,A13798C_26_C
13798,YIVYND*NQL,A13798C_26_V
13798,TIVI**EAY*I,A13798C_28_C
13798,TIVI**EAYYI,A13798C_28_V
13798,IVI**EAY*IV,A13798C_29_C
13798,IVI**EAYYIV,A13798C_29_V
13798,VI**EAY*IVY,A13798C_30_C
13798,VI**EAYYIVY,A13798C_30_V
13798,I**EAY*IVYN,A13798C_31_C
13798,I**EAYYIVYN,A13798C_31_V
13798,**EAY*IVYND,A13798C_32_C
13798,**EAYYIVYND,A13798C_32_V
13798,*EAY*IVYND*,A13798C_33_C
13798,*EAYYIVYND*,A13798C_33_V
13798,EAY*IVYND*N,A13798C_34_C
13798,EAYYIVYND*N,A13798C_34_V
13798,AY*IVYND*NQ,A13798C_35_C
13798,AYYIVYND*NQ,A13798C_35_V
13798,Y*IVYND*NQL,A13798C_36_C
13798,YYIVYND*NQL,A13798C_36_V
13798,*IVYND*NQLQ,A13798C_37_C
13798,YIVYND*NQLQ,A13798C_37_V
