Locus,Allele,Frequency
A,HLA-A*01:01,0.114
A,HLA-A*02:01,0.288
A,HLA-A*03:01,0.134
A,HLA-A*11:01,0.063
A,HLA-A*23:01,0.028
A,HLA-A*2402,0.096
A,HLA-A*25:01,0.052
A,HLA-A*26:01,0.049
A,HLA-A*29:01,0.017
A,HLA-A*30:01,0.028
A,HLA-A*31:01,0.02
A,HLA-A*32:01,0.031
A,HLA-A*33:01,0.023
A,HLA-A*34:01,0
A,HLA-A*36:01,0
A,HLA-A*43:01,0
A,HLA-A*66:01,0.006
A,HLA-A*68:01,0.038
A,HLA-A*69:01,0.003
A,HLA-A*74:01,0
A,HLA-A*80:01,0
B,HLA-B*07:02,0.12
B,HLA-A*80:01,0.067
B,HLA-B*13:01,0.066
B,HLA-B*14:01,0.027
B,HLA-B*15:01,0.054
B,HLA-B*18:01,0.084
B,HLA-B*27:01,0.051
B,HLA-B*35:01,0.098
B,HLA-B*37:01,0.01
B,HLA-B*38:01,0.044
B,HLA-B*39:01,0.02
B,HLA-B*40:01,0.046
B,HLA-B*41:01,0.032
B,HLA-B*44:02,0.101
B,HLA-B*45:01,0.002
B,HLA-B*46:01,0.002
B,HLA-B*47:01,0.004
B,HLA-B*48:01,0.005
B,HLA-B*49:01,0.017
B,HLA-B*50:01,0.014
B,HLA-B*51:01,0.04
B,HLA-B*52:01,0.031
B,HLA-B*53:01 ,0.002
B,HLA-B*54:01,0
B,HLA-B*55:01,0.01
B,HLA-B*56:01,0.012
B,HLA-B*57:01,0.03
B,HLA-B*58:01,0.01
B,HLA-B*73:01,0.002
B,HLA-B*78:01,0
C,HLA-C*01:02,0.042
C,HLA-C*02:02,0.063
C,HLA-C*03:01,0.091
C,HLA-C*04:01,0.128
C,HLA-C*05:01,0.038
C,HLA-C*06:02,0.13
C,HLA-C*07:01,0.257
C,HLA-C*08:01,0.029
C,HLA-C*12:02,0.134
C,HLA-C*14:02,0.016
C,HLA-C*15:02,0.024
C,HLA-C*16:01,0.017
C,HLA-C*17:01,0.03
C,HLA-C*18:01,0.001